Constellation, Average Colinearity, Same Constellations Accross Cultures 
CON chinese 070,3.136607081895925, 1
CON chinese 073,3.124080203424703, 1
CON navajo 007,3.1158126398180785, 1
CON chinese 055,3.1140968790366097, 1
CON arabic_ancient 4203,3.113856323586407, 1
CON chinese 054,3.1109778408168647, 1
CON western Sge,3.1049802108500018, 2
CON chinese 101,3.102859382270327, 1
CON korean 027,3.100918605592464, 1
CON chinese 069,3.100236814745296, 1
CON western Pyx,3.092653149940231, 2
CON western_hlad Vul,3.0859751130785855, 1
CON korean 014,3.0822081433512856, 2
CON aztec 001,3.0814750019249253, 1
CON western_hlad Sge,3.0781651550534357, 3
CON korean 150,3.0753113502795526, 1
CON mandar 005,3.071167741194312, 1
CON korean 164,3.0614065164912323, 1
CON boorong Bbg,3.0606707563041806, 1
CON korean 121,3.047879796807826, 1
CON korean 200,3.046839212942915, 1
CON chinese 267,3.0455288841278416, 1
CON tongan 008,3.0329831829572624, 1
CON chinese 072,3.0299210691260035, 1
#CON arabic_arabian_peninsula 4202,3.010402174043801, 15
CON romanian Sfm,3.010402174043801, 1
#CON indian N22,3.005450143122296, 7
CON sardinian 009,3.001842317266717, 1
CON hawaiian_starlines LUP,2.999157740319716, 1
CON korean 203,2.9983855353089366, 1
CON chinese 307,2.997695199870984, 1
CON chinese 184,2.995636131772999, 1
CON belarusian 012,2.9862874535944934, 1
CON ruelle Lac,2.9847024268355415, 1
CON chinese 229,2.9820601549145564, 1
CON korean 028,2.9672435219301025, 3
CON western_hlad CMa,2.963710787941128, 1
CON boorong Krk,2.9576010199092724, 1
CON korean 271,2.9511561683899856, 1
CON arabic_ancient 5999,2.9489336778894204, 1
CON korean 051,2.9487819686737167, 1
CON macedonian 018,2.9444090768760915, 3
CON korean 105,2.942168220462078, 1
CON korean 214,2.9404234251403643, 1
CON arabic_ancient 6299,2.938288886710636, 1
CON western_hlad Aql,2.932008312997654, 1
CON arabic_ancient 0499,2.929216300791895, 1
CON chinese 102,2.9280597401051027, 1
CON arabic_ancient 1501,2.9266008941985717, 1
CON arabic_ancient 1502,2.9257305824563327, 1
CON chinese 277,2.924632895364912, 1
CON korean 236,2.923794254471769, 2
CON chinese 268,2.91994654791957, 1
CON ruelle Psc,2.9190490797565136, 1
CON western Aql,2.916248828152881, 2
CON boorong Cwp,2.9111479405909675, 1
CON chinese 156,2.89885209818776, 1
CON anutan 001,2.8910374887695327, 1
CON korean 026,2.88829277838286, 2
CON arabic_al-sufi Sge,2.8872289975874406, 1
CON arabic_ancient 5099,2.8867195456323524, 1
CON korean 099,2.8846772311232645, 1
CON western And,2.8846198667162173, 3
CON western_hlad Vir,2.877677852185154, 1
CON sami 002,2.873709268536974, 1
CON chinese 113,2.871409025009402, 1
CON korean 233,2.87006462299284, 1
CON chinese 269,2.8684442553669403, 1
CON inuit 004,2.8664057726053973, 1
CON boorong Djt,2.863507214040585, 1
CON chinese 262,2.862923718550257, 1
CON korean 199,2.857266773922548, 1
CON chinese 165,2.854114142812724, 1
CON korean 147,2.8540295340669153, 1
CON japanese_moon_stations 22,2.8507706327972757, 1
CON boorong Tot,2.8499482325244867, 1
CON chinese 301,2.8469405359408673, 1
CON western_hlad Cnc,2.842401197189182, 1
CON western_hlad Dor,2.8420002731872547, 1
CON western Cnc,2.8419068585129086, 2
CON romanian Rac,2.8419068585129086, 2
CON japanese_moon_stations 19,2.8403640910421046, 1
CON chinese 081,2.8379123192465094, 1
CON korean 033,2.8365845627114448, 1
CON macedonian 017,2.8333201961825485, 1
CON indian N17,2.832863016936213, 4
CON arabic_al-sufi Gem,2.8304975110506443, 1
CON korean 119,2.830208176648415, 2
CON korean 059,2.8267734041137174, 1
CON western Tau,2.8266654935875835, 2
CON anutan 005,2.8244864534854823, 1
CON korean 159,2.820438568387214, 1
CON korean 131,2.818399389935173, 1
CON korean 034,2.8141948549580915, 1
CON western_hlad Ind,2.8120529138378862, 1
CON western_rey Pyx,2.8095855187849654, 2
CON chinese 143,2.8020974866173813, 1
CON chinese 033,2.8020606385762115, 1
CON korean 212,2.800498447983447, 1
CON lokono 006,2.7977710771308066, 1
CON arabic_ancient 5399,2.795477407397572, 1
CON arabic_ancient 2004,2.791545554670888, 1
CON chinese 251,2.7870327088567293, 1
CON romanian Pma,2.7858742991135133, 1
CON arabic_al-sufi Cep,2.781270626747114, 1
CON korean 252,2.77201822879471, 2
CON western Cyg,2.770191892876756, 3
CON arabic_ancient 4205,2.768051514890398, 1
CON arabic_arabian_peninsula 3399,2.7678418680283086, 3
CON arabic_al-sufi Can,2.7659927751132924, 1
CON western_hlad Ser,2.7576242979352537, 1
CON arabic_ancient 1899,2.753582697993473, 1
CON boorong Tbg,2.7511803260157164, 1
CON chinese 224,2.7499110817966734, 1
CON korean 114,2.7457413603369365, 1
CON western_rey Gem,2.744029871905464, 1
CON arabic_ancient 4204,2.7423334191132986, 1
CON chinese 213,2.740188560948529, 1
CON ruelle Cyg,2.737036479571819, 1
CON lokono 007,2.7369663772148125, 1
CON korean 179,2.736642897314162, 1
CON korean 246,2.731682138718777, 1
CON western Gem,2.729197064987984, 4
CON korean 249,2.725745546487127, 1
CON chinese 149,2.7194932975980706, 1
CON chinese 216,2.7189036012059247, 1
CON western_hlad Cyg,2.7133971384812487, 1
CON chinese 022,2.7115352860100765, 1
CON western Cha,2.7109683169721652, 2
CON korean 161,2.70548606417067, 2
CON western_hlad Oph,2.7036589912024755, 1
CON chinese 120,2.7013568928055895, 1
CON arabic_ancient 2699,2.700197349577784, 1
CON western Cae,2.69972963812503, 2
CON korean 149,2.699230802414146, 2
CON arabic_ancient 6099,2.6984521906773633, 1
CON western CrA,2.6948740420112194, 2
CON western_rey Cap,2.6945859107023957, 1
CON western_SnT Oph,2.6943768991243027, 1
CON arabic_ancient 1902,2.6936273935794213, 2
CON chinese 031,2.6932647324509453, 1
CON arabic_al-sufi SHr,2.6926706303758685, 1
CON korean 060,2.6888744210124234, 1
CON chinese 032,2.6881228747244683, 1
CON western_rey Aql,2.6879874429946518, 1
CON navajo 001,2.6848857824681445, 1
CON blackfoot 003,2.684541729000673, 1
CON korean 011,2.68343687100704, 1
CON anutan 003,2.6820622431274357, 1
CON arabic_ancient 2006,2.681836312949895, 1
CON tukano 009,2.678977565188942, 1
CON korean 138,2.6778188986481846, 1
CON hawaiian_starlines MAN,2.6712449176581377, 1
CON western_rey Crv,2.670071831151164, 1
CON bugis 010,2.668936260781723, 1
CON chinese 270,2.6673901141162055, 1
CON western_hlad Sco,2.667176632172679, 1
CON arabic_ancient 3003,2.664892677539299, 3
CON indian N18,2.6614554534955825, 4
CON western Sco,2.6612315246650917, 3
CON arabic_arabian_peninsula 2999,2.6602791919212647, 3
CON western_hlad Sct,2.6600996642979178, 1
CON western Ari,2.6587782954376973, 4
CON chinese 118,2.658124683543355, 1
CON western_hlad Gem,2.6577925479512396, 1
CON korean 181,2.655245019226124, 1
CON boorong Bun,2.6513483591551172, 1
CON korean 247,2.6496823433883985, 1
CON arabic_ancient 2099,2.648166041070325, 1
CON arabic_ancient 4899,2.6455799786487297, 1
CON korean 251,2.6450180540988915, 1
CON macedonian 014,2.640194031521995, 1
CON bugis 008,2.6370742270921848, 1
CON western_hlad Cap,2.6312619129611656, 1
CON western_hlad Per,2.6290462583953804, 1
CON boorong Won,2.62529590423083, 1
CON korean 191,2.624855498900135, 1
CON western_SnT And,2.6214190262179793, 1
CON western_rey Mon,2.6212005152800173, 1
CON western_hlad Lyn,2.620899184233128, 1
CON korean 202,2.6198036317368527, 2
CON navajo 004,2.619474178462392, 1
CON arabic_ancient 3004,2.618848508177988, 1
CON western_rey And,2.6149319371660567, 1
CON mandar 004,2.614892427143189, 1
CON romanian Sec,2.6139306811172935, 1
CON arabic_al-sufi Sco,2.6124130248431285, 1
CON boorong Ydk,2.612254332458877, 1
CON western Per,2.611802753482692, 3
CON chinese 046,2.611574198884193, 1
CON tupi 001,2.611174373841687, 1
CON korean 050,2.6090851358184755, 1
CON western_rey CrA,2.605797015357024, 1
CON arabic_ancient 5899,2.6055061697482875, 1
CON chinese 302,2.605185772889256, 1
CON chinese 057,2.604198127813686, 1
CON egyptian 005,2.6036779892587227, 1
CON korean 143,2.601170349831785, 1
CON western_rey Lup,2.600005592079733, 1
CON lokono 012,2.5956146838178884, 1
CON egyptian 014,2.5942871354276758, 1
CON arabic_ancient 2899,2.5908572020389187, 1
CON chinese 182,2.588214768817985, 1
CON chinese 220,2.5871196018116014, 1
CON arabic_ancient 4299,2.5863643680777035, 2
CON romanian Jgb,2.5844634997911906, 1
CON korean 141,2.581858677733314, 1
CON chinese 199,2.5813946877228062, 1
CON tukano 003,2.5812990506012246, 1
CON arabic_arabian_peninsula 2808,2.5812564761203127, 3
CON western Cen,2.5799855644676217, 2
CON chinese 062,2.57945178975168, 1
CON western_SnT Tau,2.5777237065958993, 1
CON western_hlad Tau,2.575763181726708, 1
CON korean 010,2.5735690107484492, 3
CON boorong Kul,2.5708127967786476, 1
CON arabic_ancient 1999,2.5677460928483886, 2
CON tukano 005,2.5655171149769544, 1
CON romanian Vca,2.564874756812853, 1
CON chinese 001,2.5644165104818, 1
CON western Mic,2.562917579331264, 2
CON chinese 091,2.5625477308882743, 1
CON lokono 011,2.561036730575865, 1
CON boorong Unu,2.561024891181755, 1
CON chinese_contemporary Her,2.5596148400546976, 1
CON tupi 002,2.5534661104901977, 1
CON chinese 090,2.552316883250226, 1
CON western_SnT Sco,2.5513970778463344, 1
CON arabic_al-sufi CrA,2.5500346763267894, 1
CON western UMa,2.5484778819468157, 3
CON egyptian 010,2.5479543017847255, 1
CON tukano 001,2.5439910102578898, 1
CON korean 098,2.543298852563206, 1
CON arabic_ancient 2506,2.5427378523130866, 1
CON western_SnT Cyg,2.5394791382663153, 1
CON western_hlad Sgr,2.5375716589227193, 1
CON korean 065,2.5341972028216198, 2
CON arabic_al-sufi SFB,2.5340519977662153, 1
CON western_SnT Hor,2.532533368217633, 1
CON korean 195,2.527037824224939, 1
CON romanian Omu,2.5262948140378363, 1
CON korean 116,2.5244280039144087, 1
CON chinese 087,2.5243220862149665, 1
CON western Aqr,2.5241508147103207, 2
CON western_hlad CrA,2.524105813226865, 1
CON korean 145,2.5229752981386153, 1
CON arabic_ancient 1099,2.519925644929191, 1
CON arabic_ancient 1399,2.5194920500647924, 1
CON blackfoot 004,2.5177472381200596, 2
CON western_SnT CrA,2.5166588079120675, 1
CON arabic_arabian_peninsula 2550,2.515900585532724, 3
CON korean 001,2.514546930156071, 1
CON korean 094,2.5145400182128133, 1
CON arabic_ancient 0999,2.5143228724125537, 1
CON boorong Cwr,2.5136943141392867, 1
CON western_hlad Pyx,2.5133453200765454, 1
CON western_SnT Vir,2.5113757653528888, 1
CON western_rey Per,2.5101902039127526, 1
CON siberian Kic,2.5098195482190953, 1
CON arabic_ancient 2811,2.5094184812163953, 1
CON arabic_arabian_peninsula 2810,2.5082250773957315, 3
CON western_rey Oph,2.5078535903162567, 1
CON western_rey Tau,2.507510132200953, 1
CON ruelle Eri,2.5070118162149657, 1
CON korean 198,2.5069128461354544, 1
CON western_rey Lyn,2.505151663310262, 1
CON western_SnT Pup,2.4979331141398737, 1
CON western_hlad Cam,2.4978914775936736, 1
CON arabic_al-sufi Sgr,2.497760418578239, 1
CON maori 006,2.4973226528002064, 1
CON romanian Pmi,2.496950136285848, 1
CON korean 022,2.495574580796486, 1
CON ruelle UMa,2.4943946228881435, 1
CON sami 001,2.493275589635057, 1
CON korean 109,2.4930701373899122, 4
CON japanese_moon_stations 24,2.4921998113460777, 1
CON western_rey Cen,2.492141099349727, 1
CON navajo 008,2.488839953799688, 1
CON western Peg,2.488745759109975, 2
CON boorong War,2.4886049475513334, 1
CON western_hlad LMi,2.488199655089284, 1
CON chinese 253,2.4869800380025486, 1
CON western_SnT Ori,2.4868900929009756, 1
CON tongan 007,2.481296155463496, 1
CON korean 103,2.4798038101870694, 1
CON western_hlad Pav,2.4771220872763777, 1
CON western_SnT Her,2.4741968509003507, 1
CON arabic_al-sufi And,2.472991621905732, 1
CON hawaiian_starlines IWI,2.47285664645138, 1
CON arabic_ancient 1499,2.4724234306754433, 3
CON chinese 043,2.4719834442282114, 1
CON book-of-the-stars-almagest SFA,2.4711507294588206, 1
CON western_SnT Cen,2.4696722409100342, 1
CON western_SnT Per,2.4691925562574832, 1
CON western Cap,2.4685297732202334, 3
CON western_hlad Her,2.4668466220906864, 1
#CON macedonian 016,2.4665621105414037, 10
CON korean 086,2.4658986769077402, 1
CON chinese 136,2.4658986769077402, 1
CON boorong Pur,2.4639034799555426, 1
CON western Her,2.463643470354483, 1
CON chinese 080,2.462640402011781, 1
CON western Sgr,2.460273209467343, 2
CON western_rey Ori,2.459784783499201, 1
CON korean 120,2.459364648530327, 1
CON arabic_al-sufi Ori,2.4574921854159975, 1
CON egyptian 021,2.4570234825732946, 1
CON western_SnT Car,2.4568554619129386, 1
CON western_rey Pup,2.4555924465881964, 1
CON korean 041,2.4544296240986836, 1
CON romanian Sar,2.4540501188477815, 1
CON arabic_ancient 4199,2.4531474900049126, 1
CON korean 038,2.452582750113536, 2
CON korean 262,2.451953360466571, 1
CON maori 004,2.4518687267316372, 1
CON chinese 024,2.4518687267316372, 1
CON chinese 141,2.451496250646176, 1
CON western_SnT Peg,2.4513473533436714, 1
CON tupi 003,2.450120071121162, 1
CON indian N19,2.449243466511674, 1
CON ruelle Sco,2.4487369456974886, 1
CON navajo 003,2.4447154096247385, 1
CON korean 090,2.4439151904282173, 1
CON arabic_ancient 1199,2.4437764577469103, 1
CON korean 075,2.441252384656513, 1
CON arabic_al-sufi Tau,2.44099271202783, 1
CON western Cet,2.4403062192323297, 2
CON tukano 004,2.43968817586197, 1
CON chinese 181,2.4378815651482224, 1
CON korean 229,2.4369863537247958, 2
CON chinese 066,2.4365268240718367, 1
CON egyptian 007,2.4364391612417884, 1
CON western_hlad Col,2.4362877946255703, 2
CON western_rey Dra,2.433561164940036, 2
CON arabic_al-sufi Cen,2.4312621880628846, 1
CON arabic_al-sufi Arg,2.4311759873028307, 1
CON western_hlad Psc,2.430558306297102, 1
CON korean 082,2.4305342996441617, 1
CON ruelle Her,2.4302061309797174, 1
CON korean 108,2.428124954406257, 1
CON romanian Arc,2.4269615051836815, 1
CON ruelle Com,2.4252776847843505, 1
CON chinese 075,2.423245557936787, 1
CON arabic_al-sufi PsA,2.4211675680005333, 1
CON chinese 064,2.420980886369041, 1
CON western_hlad UMa,2.4184742007539524, 1
CON romanian Psc,2.418367970090092, 1
CON western_rey Psc,2.417938867714794, 1
CON bugis 003,2.417265059791303, 1
CON japanese_moon_stations 26,2.4165219504786717, 1
CON western_hlad Gru,2.4163213361435925, 1
CON korean 186,2.4140373793536702, 1
CON korean 185,2.4135323029262383, 1
CON western_rey Leo,2.4127947297386583, 1
CON western Pic,2.4117448568781104, 4
CON korean 190,2.4113430759881567, 1
CON korean 211,2.411164037162119, 1
CON korean 237,2.4104914205268266, 1
CON navajo 002,2.408967468452852, 1
CON western_hlad Mon,2.4067041121938066, 1
CON western_hlad Aqr,2.4041014363318824, 1
CON korean 056,2.4029458219591895, 1
CON chinese 254,2.402095030252153, 1
CON egyptian 011,2.3992110663723034, 1
CON korean 089,2.3983633832140394, 1
CON romanian Sco,2.397616662586805, 1
CON western_SnT Aql,2.3970871965833624, 1
CON ruelle Tau,2.396866391676119, 1
CON western_rey Vir,2.3966963286343095, 1
CON western Dra,2.393822853684507, 4
CON chinese 215,2.3927091488894145, 1
CON western Ori,2.392708417299511, 2
CON korean 201,2.3926543771779065, 2
CON korean 085,2.3924801597027776, 1
CON ruelle Aqr,2.3887970255284694, 1
CON western_SnT Eri,2.388620770811955, 1
CON western_hlad Crt,2.3863115803361836, 1
CON western Lyn,2.3860112840528855, 3
CON western Vir,2.385966083762412, 2
CON western_rey Cyg,2.3846551140827, 1
CON arabic_al-sufi Her,2.3823727965655417, 1
CON western_rey Car,2.38207764131284, 1
CON western_hlad Ara,2.381895841217222, 1
CON western_hlad Eri,2.3807745425197706, 1
CON western_SnT Gru,2.3797189349950894, 1
CON romanian Csa,2.379179469008148, 1
CON chinese 083,2.3763932826493512, 1
CON chinese 193,2.3748724659734, 1
CON western_hlad Dra,2.37391216738624, 1
CON western_SnT UMa,2.3736446048123425, 1
CON chinese 236,2.372697245127824, 1
CON chinese 272,2.372598398613778, 1
CON western Psc,2.3706482632210832, 1
CON japanese_moon_stations 09,2.3704450875812433, 1
CON chinese 029,2.3692360832310393, 1
CON tupi 006,2.3672842878349174, 1
CON ruelle Lib,2.3655612163839774, 1
CON arabic_al-sufi Oph,2.3637250630447277, 1
CON anutan 004,2.363709819860702, 1
CON boorong Otc,2.362036049405803, 1
CON western_rey Vel,2.3594677883637996, 1
CON arabic_al-sufi Per,2.359250337484427, 1
CON arabic_ancient 0299,2.358950175080878, 2
CON korean 170,2.3581306421117105, 1
CON chinese_contemporary Psc,2.3576223347527203, 1
CON ruelle Ari,2.356791393413963, 1
CON japanese_moon_stations 15,2.356376218462245, 1
CON siberian DNe,2.356209675223704, 1
CON chinese 171,2.3548317200562385, 1
CON egyptian 003,2.3528358743350983, 1
CON western_hlad Hor,2.352798011190971, 1
CON chinese_contemporary CMa,2.350858897943055, 1
CON western Vel,2.3507774603012, 2
CON korean 077,2.350605916614287, 1
CON arabic_al-sufi Boo,2.3503724250918134, 1
CON arabic_al-sufi Ari,2.350370850999197, 1
CON ruelle Ori,2.3499934090589005, 1
CON ruelle Oph,2.3494397512558067, 1
CON arabic_al-sufi Leo,2.347869982301631, 1
CON western PsA,2.346318616619073, 2
CON arabic_al-sufi Lep,2.3456340348944087, 1
CON arabic_al-sufi Vir,2.3450431965084877, 1
CON korean 124,2.3448484854630127, 1
CON belarusian 003,2.3448484854630127, 1
CON arabic_ancient 5199,2.344271913892771, 1
CON korean 192,2.344133227512687, 3
CON arabic_al-sufi Cap,2.343745325509356, 1
CON aztec 003,2.343733981451405, 1
CON chinese 221,2.3436540783515882, 1
CON romanian Chi,2.3427430585270517, 1
CON western CMa,2.3424994717324603, 1
CON western_rey CMa,2.34174848976304, 1
CON chinese 094,2.341577712185891, 1
CON western Lep,2.34094052729994, 2
CON chinese 232,2.3402132568553333, 1
CON korean 062,2.340200615747251, 1
CON korean 188,2.337078850566803, 1
CON japanese_moon_stations 21,2.3361476092524054, 1
CON korean 136,2.336075915315202, 1
CON chinese 252,2.3355455312457973, 1
CON western_rey Hya,2.334918323707118, 1
CON korean 044,2.334633509751918, 1
CON western_hlad Vel,2.3338061559101986, 2
CON ruelle Aur,2.332026865409725, 1
CON arabic_al-sufi Cas,2.330124628783866, 1
CON western_rey Sco,2.328460108330644, 1
CON western Car,2.3279558931832387, 2
CON western_hlad Cae,2.326965291868583, 2
CON romanian Ber,2.326565164018276, 1
CON romanian Tdz,2.3225898451631863, 1
CON arabic_al-sufi Aur,2.3209973857612853, 1
CON chinese 135,2.320393950268089, 1
CON western_SnT Boo,2.320337064825908, 1
CON chinese 290,2.3184656929632124, 1
CON western_hlad Lac,2.3181137560986564, 1
CON arabic_al-sufi Hya,2.316737041611347, 1
CON western Oph,2.3166155371233725, 2
CON romanian Cap,2.3154314546209784, 1
CON arabic_ancient 1101,2.3142183851814266, 1
CON western_SnT Aqr,2.3122592726283604, 1
CON western Eri,2.311993071043804, 2
CON western_SnT Cap,2.310049309552554, 1
CON western_hlad Hya,2.3098926027260434, 1
CON western Col,2.3085815950535147, 2
CON ruelle Dra,2.307992199823278, 1
CON chinese 030,2.30570603908118, 1
CON korean 091,2.3051109563202115, 1
CON romanian Bar,2.304541619247578, 1
CON western_rey Sgr,2.300467162845597, 1
CON western_hlad For,2.2994588836497987, 2
CON ruelle Lyn,2.297538441640915, 1
CON western_rey Aqr,2.2971898711667493, 1
CON arabic_ancient 5499,2.29705700920271, 1
CON boorong Lnk,2.2969824305282, 1
CON chinese 049,2.296831753119176, 1
CON korean 058,2.2965808153007936, 1
CON chinese 012,2.2960770391709304, 1
CON western Boo,2.2942581342373054, 3
CON chinese 036,2.2936503948446747, 1
CON egyptian 017,2.291607590088104, 1
CON egyptian 012,2.2900099234935047, 1
CON arabic_al-sufi Psc,2.2883130550446373, 1
CON belarusian 007,2.288292900276415, 1
CON korean 244,2.287758498194125, 2
CON arabic_al-sufi Aqr,2.2875435401560895, 1
CON tukano 007,2.2857138601399645, 3
CON korean 183,2.285462464362232, 1
CON chinese 050,2.2847140004563413, 1
CON chinese 013,2.2842942145744853, 1
CON ruelle Aql2,2.2839956722263475, 1
CON ruelle Cet,2.2836505519197763, 1
CON romanian Var,2.2823998578461353, 1
CON western_SnT Hya,2.2822365836770064, 1
CON ruelle Boo,2.278144268140719, 1
CON hawaiian_starlines KOM,2.2781293667542695, 1
CON korean 057,2.277170407673348, 1
CON tukano 011,2.2761685471572894, 6
CON blackfoot 001,2.2761685471572894, 1
CON boorong Mar,2.275033028835623, 1
CON ruelle Gem,2.2740828618891316, 1
CON western_hlad Cen,2.273859409476551, 1
CON ruelle Sge,2.2731119890518108, 1
CON western Lac,2.270190583949008, 2
CON maori 005,2.268955931296657, 4
CON korean 097,2.2673672199506925, 2
CON korean 078,2.267014715368956, 1
CON korean 046,2.266108518489745, 2
CON western_rey Lep,2.265796051584983, 2
CON aztec 004,2.264546202528317, 1
CON western_rey Peg,2.2635100341456615, 1
CON western_rey Her,2.263222298830248, 1
CON western_SnT Mon,2.26250774203208, 1
CON western_SnT Psc,2.261869335166119, 1
CON egyptian 013,2.2580305901013342, 1
CON arabic_al-sufi Lyr,2.2578198078359257, 1
CON japanese_moon_stations 25,2.2558558521413627, 1
CON ruelle CMa,2.254162948586935, 1
CON korean 142,2.254131571861986, 1
CON arabic_al-sufi Ser,2.2529520004663834, 1
CON arabic_ancient 6199,2.2520809330767206, 1
CON chinese 035,2.2518750391715936, 1
CON arabic_ancient 2703,2.2478808685829406, 1
CON arabic_ancient 2799,2.2478808685829406, 1
CON romanian Hra,2.2451634625169903, 1
CON korean 178,2.2445085651655523, 1
CON korean 272,2.2444885252068096, 1
CON western_hlad Aur,2.2442524013532252, 1
CON aztec 002,2.2440111542573193, 1
CON western_SnT Cam,2.2427354331499374, 1
CON ruelle Peg,2.2420576760249964, 1
CON tukano 002,2.2393690753219784, 1
CON arabic_arabian_peninsula 2805,2.2388640615901023, 3
CON arabic_al-sufi Lib,2.236849602119297, 1
CON western_SnT Pav,2.2298259378111904, 1
CON western_rey Lib,2.227554246700182, 2
CON arabic_al-sufi Peg,2.2271432156174975, 1
CON macedonian 011,2.2262567379749636, 1
CON korean 122,2.224978927501483, 2
CON western_hlad Peg,2.22483332978666, 1
CON chinese 231,2.222817977558994, 1
CON mandar 003,2.221616939277834, 1
CON chinese 097,2.2205932960615975, 1
CON western_hlad Tel,2.2187292541126014, 1
CON western_SnT Ser,2.218127563659852, 1
CON arabic_arabian_peninsula 3299,2.2179900634240437, 3
CON chinese 209,2.217199153350097, 1
CON ruelle Hya,2.2157132471862795, 1
CON chinese 206,2.215079570479306, 1
CON western_rey Uma,2.21470492808216, 1
CON arabic_al-sufi Eri,2.2122279315615376, 1
CON arabic_al-sufi UMa,2.210846653790187, 1
CON korean 232,2.2076585282879706, 1
CON western_hlad Vol,2.2070108555344596, 1
CON chinese 119,2.206015454407229, 1
CON ruelle Cen,2.2055670709625717, 1
CON chinese 275,2.205050510495887, 1
CON chinese 278,2.2014428839048374, 1
CON korean 144,2.2013672604444987, 1
CON western_rey Lyr,2.199826001258463, 1
CON chinese 148,2.196072918297693, 1
CON bugis 002,2.1948428089188683, 1
CON bugis 006,2.1921016766238175, 1
CON western Aps,2.1889153853085945, 2
CON lokono 003,2.1884270172731877, 1
CON romanian Prb,2.187713839117774, 1
CON macedonian 002,2.1854990687731375, 1
CON navajo 006,2.185291650385574, 1
CON western_SnT Leo,2.1851465757739015, 1
CON arabic_arabian_peninsula 2803,2.1837642538593474, 3
CON western Hya,2.1829805169328615, 2
#CON macedonian 001,2.182849873001349, 11
CON western_hlad Lep,2.1811563985121736, 1
CON western_hlad Lup,2.1802558805793466, 1
CON chinese 134,2.1783378538228453, 1
CON chinese 287,2.177434716251807, 1
CON korean 043,2.1772346622426775, 1
CON western_hlad Boo,2.175998929535326, 1
CON western_SnT Sgr,2.175617738777622, 1
CON korean 048,2.173197145914406, 1
CON chinese 130,2.1712214542369894, 1
CON bugis 001,2.17015020495908, 1
CON korean 248,2.1699081776669567, 1
CON western_rey Lac,2.1689504055201065, 2
CON korean 112,2.1684093875605215, 1
CON chinese 228,2.1674790889085784, 1
CON chinese 210,2.1639828343734906, 1
CON boorong Nln,2.1607171993931606, 1
CON romanian Gem,2.1605050455141592, 1
CON mandar 002,2.1584360970961294, 1
CON tukano 006,2.1576807648298875, 1
CON arabic_al-sufi Dra,2.157034087952823, 1
CON egyptian 016,2.155568975909145, 1
CON western_SnT Aur,2.1555293286038353, 1
CON western Tuc,2.153476615558414, 2
CON western_hlad Cet,2.151127927553769, 1
CON ruelle Leo,2.1503038930969187, 1
CON western_rey LMi,2.148543963879466, 2
CON western Lup,2.1481256077539004, 2
CON ruelle Cas,2.146273446870839, 1
CON western_rey PsA,2.1459075833581593, 2
CON western Ser,2.14504919941902, 2
#CON western UMi,2.1447947770508193, 9
CON arabic_al-sufi UMi,2.1447947770508193, 1
CON arabic_al-sufi Cet,2.1440642533319965, 1
CON western_rey Dor,2.143157298494676, 2
CON boorong Ktc,2.1430949257317726, 1
CON western_rey Boo,2.1411464294167852, 1
CON western_rey Ari,2.1410764496017185, 1
CON arabic_al-sufi Crv,2.140817483058052, 1
CON western_rey Cet,2.140439600221755, 1
CON ruelle Cep,2.1396776834725277, 1
CON western_rey Eri,2.131873561601843, 1
CON arabic_ancient 4207,2.1243477896642498, 1
CON sardinian 007,2.1235844486690927, 1
CON western Del,2.1235578086611655, 4
CON western_hlad Del,2.1235577198966897, 1
CON western_SnT Cet,2.1221101285752115, 1
CON western Mon,2.1206458148890723, 2
CON korean 129,2.119553119618013, 1
CON boorong Wpl,2.1150629203543936, 1
CON chinese 212,2.114728122361748, 1
CON anutan 006,2.113754267152166, 1
CON western Gru,2.1137346387233027, 3
CON romanian Vir,2.1087774692785493, 1
CON mandar 001,2.1063668759112697, 1
CON chinese 095,2.1052782574345543, 1
CON western_rey Cep,2.1051741117349176, 1
CON western Aur,2.1020501513669108, 4
CON anutan 009,2.1012581164299613, 1
CON chinese 286,2.1001137486842936, 1
CON arabic_arabian_peninsula 2650,2.0989169050116003, 1
CON western_hlad Tuc,2.0982283664261696, 2
CON western_rey Cnc,2.0978783378006667, 1
CON korean 016,2.095854277897327, 1
CON korean 074,2.0951887211790727, 1
CON korean 228,2.0947870341961923, 1
CON romanian Tau,2.094782378313856, 2
CON chinese 125,2.0941536963919445, 1
CON chinese 316,2.093721342015448, 1
CON chinese 255,2.0913877507341714, 1
CON chinese 242,2.0874946387484674, 1
CON macedonian 005,2.0870913571695913, 1
CON chinese 195,2.0856010067257573, 1
CON ruelle Ser,2.083524411592195, 1
CON korean 197,2.082212539465293, 2
CON ruelle Vir,2.079483106885483, 1
CON inuit 010,2.076797893649086, 1
CON western_hlad PsA,2.073150344420328, 1
CON sardinian 002,2.071614753907225, 1
CON arabic_arabian_peninsula 3099,2.0707126347501315, 3
CON arabic_al-sufi Del,2.069067987035749, 1
CON romanian Rar,2.069005365087237, 1
CON chinese 214,2.068565927665686, 1
CON western_hlad Mic,2.0634835017420823, 1
CON korean 215,2.06062670475401, 1
CON western Pav,2.0574754278598424, 3
CON chinese 017,2.057456881754052, 1
CON arabic_al-sufi Lup,2.05466053159399, 1
CON western_SnT Crt,2.053141242050564, 1
CON arabic_al-sufi Cyg,2.05287725134455, 1
CON arabic_al-sufi CMa,2.0512601579505083, 1
CON western_rey SerCd,2.051257858630502, 1
CON boorong Yur,2.049593228730595, 1
CON chinese 263,2.044153119882631, 1
CON northern_andes 002,2.0421161022912058, 1
CON korean 158,2.040934189052027, 2
CON western Pup,2.036974045803562, 2
CON arabic_ancient 4799,2.034376516816555, 1
CON arabic_ancient 2008,2.0324476161881533, 1
CON western_rey Aur,2.0306251667806077, 1
CON western Lyr,2.030624233696827, 5
CON western_hlad Ori,2.0263770339554528, 1
CON western Dor,2.0262561677648203, 2
CON arabic_arabian_peninsula 4299,2.0260226937579366, 1
CON western_hlad Cha,2.025830282496617, 1
CON korean 053,2.0251732472724733, 1
CON western_SnT Ara,2.0239281972921126, 1
CON chinese 192,2.0204421375985806, 1
CON korean 063,2.0182040254622287, 2
CON chinese 027,2.015524514364252, 1
CON western_rey Ser,2.014026542273424, 1
CON western Leo,2.012616920121676, 2
CON western_hlad Leo,2.012616920121676, 2
CON western_SnT Scl,2.004975990447833, 1
CON korean 040,2.003457866895758, 2
CON korean 008,2.003116512408459, 2
CON chinese 241,2.0027392168996463, 1
CON chinese 266,2.0026164215823705, 1
CON western_rey Del,2.002332092662355, 1
CON western_rey Tuc,2.0015693530482888, 1
CON korean 167,2.0009719286011913, 1
CON chinese 284,2.0007336035275975, 1
CON western_SnT Cha,2.0001181079754238, 1
CON western_rey Cha,1.999792322197369, 1
CON arabic_al-sufi Crt,1.9982304771383175, 1
CON western_rey Ara,1.9968047631521628, 1
CON tupi 004,1.9959865806148984, 1
CON western_rey SerCp,1.9937185515331983, 1
CON western_rey Mus,1.9927673613643972, 1
CON korean 165,1.9854996418620363, 1
CON western_hlad Lib,1.9845134847985932, 1
CON boorong Wjl,1.9820826098553237, 1
CON ruelle Crt,1.9797353972519351, 1
CON chinese 103,1.978576873716051, 1
CON korean 146,1.978140574690677, 1
CON anutan 011,1.9774235934651927, 1
CON korean 184,1.9761990834604268, 1
CON korean 066,1.974668458018472, 1
CON chinese 037,1.9727986218829023, 1
#CON indian N13,1.971422982642535, 2
CON korean 080,1.9701985135859839, 2
CON western_rey Cas,1.9683589838548146, 1
CON chinese 132,1.9654595576202611, 1
CON chinese 157,1.960361163953727, 1
CON chinese 315,1.9600241653187371, 1
CON chinese 297,1.959123646765494, 1
CON korean 054,1.9571718079516078, 1
CON western Cam,1.956216227289954, 2
CON western_rey Ind,1.9557569241427237, 1
CON arabic_ancient 4699,1.9549506758079975, 1
CON western_SnT Lup,1.9548824863371903, 1
CON korean 238,1.9543240490190974, 1
CON ruelle Cer,1.9517610193665698, 1
CON western_rey Cam,1.9484485464596744, 1
CON egyptian 006,1.9480193013914626, 1
CON western_rey Hyi,1.947099632752334, 1
CON chinese 249,1.9431573369638775, 1
CON chinese 147,1.9427771815854376, 1
CON western Crt,1.9403058061220058, 3
CON ruelle Per,1.93874238046265, 1
CON chinese 015,1.9386691164706042, 1
CON sardinian 001,1.9361761093199015, 1
CON arabic_arabian_peninsula 3199,1.9355958717140926, 3
CON ruelle Vul,1.9353854416406697, 1
CON western Ara,1.9350218916505355, 2
CON ruelle Sgr,1.9342341161541399, 1
CON arabic_ancient 1901,1.933465862050836, 2
CON chinese 313,1.9324469654084515, 1
CON western_SnT Cep,1.9298806087680913, 1
CON korean 081,1.929032022867509, 2
CON ruelle Ara,1.926769019534313, 1
CON arabic_ancient 2599,1.9164011398924876, 1
CON chinese 128,1.9041481502183006, 1
CON western LMi,1.9027344182957269, 2
CON chinese 265,1.8963646071097486, 1
CON korean 130,1.893719243688261, 2
CON northern_andes 005,1.8931914087026573, 1
CON western_hlad Cep,1.8920885495813693, 1
CON western Cep,1.8919327725636523, 2
CON arabic_al-sufi Aql,1.8890849344437888, 1
CON ruelle Crv,1.8869591525849967, 2
CON korean 037,1.8866485361036875, 1
CON western_hlad Equ,1.8860332283300996, 1
CON arabic_arabian_peninsula 3005,1.8858816758688832, 3
CON chinese 240,1.8856834629738632, 1
CON korean 235,1.8856327707445384, 1
CON ruelle CrB,1.8854719141512875, 1
CON tupi 007,1.8853870500887642, 1
CON chinese 309,1.8849185073744954, 1
CON chinese 167,1.8838729282440791, 1
CON korean 257,1.8776623074239196, 1
CON western_hlad Car,1.8769346281649146, 1
CON korean 061,1.87512462585189, 1
CON ruelle And,1.8736282297456168, 1
CON western_hlad Ant,1.8724445598860129, 2
CON macedonian 019,1.8721822939669317, 1
CON western_SnT CMa,1.8710491985824573, 1
CON korean 189,1.8692363092529247, 1
CON japanese_moon_stations 27,1.869022494176684, 1
CON korean 064,1.868553887169849, 1
CON chinese 233,1.8683862989751923, 1
CON arabic_ancient 4999,1.8669106627719756, 1
CON hawaiian_starlines KHK,1.8665382011503393, 1
CON sardinian 004,1.8652115277219434, 2
CON western_rey DraF,1.8649264168130948, 1
CON ruelle CarPupVel,1.8607605466847588, 1
CON anutan 007,1.8583650177706488, 1
CON bugis 005,1.854717676083912, 1
CON western Sct,1.8493659663922515, 2
CON ruelle Lep,1.847098071104937, 1
CON korean 208,1.8423302211252781, 2
CON indian N09,1.8355144627180033, 1
CON chinese 016,1.8346205939159177, 1
CON tukano 008,1.8346007148435755, 1
CON ruelle PsA,1.8338287679809324, 1
#CON arabic_arabian_peninsula 300,1.8280110419254108, 10
CON korean 106,1.8273653919297161, 1
CON western_SnT Mus,1.824496622197848, 1
CON korean 261,1.8151441573662286, 1
CON korean 187,1.8095671686965353, 1
CON korean 110,1.8087406578215866, 1
CON korean 154,1.80827806748626, 2
CON korean 111,1.8056106139592427, 1
CON romanian Cma,1.8011239677028275, 1
CON northern_andes 001,1.798078047626169, 1
CON egyptian 002,1.7928043489800738, 1
CON navajo 005,1.792354320583261, 3
CON western Lib,1.791707040994476, 2
CON chinese 244,1.7836188219848539, 1
CON korean 241,1.7816992198098616, 1
CON hawaiian_starlines KAO,1.7803900715941154, 1
CON macedonian 015,1.7729662793948846, 1
CON chinese 038,1.771838968591462, 1
CON chinese 127,1.7713567619254933, 1
CON western_rey Equ,1.7639551405959464, 2
CON indian N05,1.763896069548535, 1
CON korean 084,1.7567362015310768, 1
CON korean 007,1.755610463053694, 2
CON western_SnT Sex,1.7520121854677937, 1
CON western_SnT Lyr,1.751447170649436, 1
CON japanese_moon_stations 08,1.7475076693790481, 1
CON western_SnT Ind,1.747244756644422, 1
CON ruelle Tuc,1.7463596576273912, 1
CON korean 024,1.746170088999072, 1
CON korean 259,1.7440448350205706, 1
CON northern_andes 003,1.7377771447606924, 1
CON ruelle Cnc,1.737297911701103, 1
CON korean 151,1.7365208720624863, 2
CON chinese 051,1.7358708512136867, 1
CON northern_andes 004,1.7278200402148451, 1
CON arabic_ancient 4599,1.723320387927598, 1
CON chinese 208,1.7229846797833315, 1
CON western_rey Col,1.722411250188541, 1
CON korean 216,1.721386403259685, 1
CON western_hlad Oct,1.7121045880822996, 1
CON chinese 089,1.7087111032831988, 1
CON ruelle Mon,1.7083709802665135, 1
CON chinese 067,1.7082970543735458, 1
CON korean 018,1.7076279740870826, 2
CON western_hlad Scl,1.702591371595414, 1
CON western_hlad Phe,1.7009857856956914, 1
CON chinese 271,1.6951531922344625, 1
CON chinese 190,1.694885650086447, 1
CON romanian Ccp,1.6945589513449115, 1
CON indian N03,1.6934773868418533, 1
CON arabic_al-sufi Ara,1.6892631644090381, 1
CON chinese 007,1.6851559263721216, 1
CON korean 260,1.6752390807304458, 1
CON korean 245,1.673131946914422, 1
CON chinese 111,1.6667075937631375, 1
CON western Hyi,1.6626633819130057, 2
CON western_SnT Tel,1.6488795106039136, 1
CON ruelle Mus,1.6398530481658622, 1
CON chinese 142,1.6356215912278116, 1
CON anutan 010,1.6282628774091277, 1
CON western_SnT Vol,1.6216350910423336, 1
CON western Com,1.6127570068103063, 5
CON western_rey Com,1.6127570068103063, 1
CON western_SnT Com,1.6127570068103063, 1
CON chinese 292,1.6084334650419172, 1
CON korean 152,1.6016038823229115, 2
CON ruelle Pav,1.5976438345194317, 1
CON ruelle Cam,1.5926394644242905, 1
CON western Vol,1.5907666202952266, 2
CON western_rey Vol,1.5907666202952266, 1
CON western_rey GSq,1.5865900952460872, 2
CON chinese 053,1.5837054301010671, 1
CON western_rey Aps,1.5817502749766206, 1
CON chinese 139,1.579640979809227, 1
CON western Hor,1.5794984172059179, 2
CON arabic_ancient 2299,1.5773888181147822, 1
CON romanian Cat,1.5771872835516692, 1
CON japanese_moon_stations 03,1.5750099812814646, 1
CON egyptian 024,1.574794684736045, 1
CON egyptian 027,1.574042020319661, 1
CON arabic_ancient 2005,1.573633383547339, 1
CON egyptian 015,1.5730861278993538, 1
CON egyptian 025,1.5729615383196807, 1
CON hawaiian_starlines MEE,1.5728400954498292, 4
CON western_rey TrA,1.572573465571128, 2
CON chinese 237,1.572436573962352, 1
CON ruelle Lup,1.5723960714330127, 1
CON arabic_ancient 3001,1.5719353226491428, 3
CON arabic_ancient 0799,1.5719023310239941, 2
CON western_rey DraH,1.571898644038865, 1
CON korean 258,1.5718335039563534, 1
CON tukano 010,1.5717651887069302, 2
CON arabic_ancient 4499,1.571732830449557, 1
CON western_hlad Nor,1.5716941744724968, 3
CON ruelle Lyr,1.5715998018224089, 1
CON western_rey Sct,1.5715862347908547, 2
CON korean 175,1.5715630971449461, 1
CON chinese 246,1.5715478955071236, 1
CON arabic_ancient 3002,1.5714016592676436, 2
CON korean 176,1.571398857232087, 2
CON chinese 219,1.5713934684110378, 1
CON arabic_ancient 4399,1.5713607394665812, 1
CON western Ret,1.5713375274333963, 5
CON western Equ,1.5713173454201017, 4
CON arabic_al-sufi Tri,1.5712986605264094, 1
CON korean 140,1.5712484266430398, 1
CON japanese_moon_stations 10,1.571148308133848, 1
CON korean 213,1.5710516152056884, 1
CON korean 162,1.5709332864349377, 1
CON arabic_ancient 2399,1.5709200004581065, 1
CON chinese 086,1.5708766644032228, 1
CON egyptian 028,1.5708650030965088, 1
CON japanese_moon_stations 18,1.570808015128426, 1
CON western_hlad Mus,1.5675677878804413, 1
CON chinese 225,1.5609316510949562, 1
CON western_hlad Pup,1.559691477187387, 1
CON chinese 088,1.5513302325283025, 1
CON ruelle Phe,1.5333232641001562, 1
CON western_SnT Phe,1.5332631032306316, 1
CON chinese 145,1.5231941743001431, 1
CON korean 230,1.5126327666442663, 1
CON macedonian 003,1.495668095938396, 1
CON chinese 098,1.4900390076620789, 1
CON korean 015,1.4897180503679954, 1
CON macedonian 013,1.483740072772287, 1
CON chinese 318,1.4588391964833836, 1
CON korean 076,1.4582777047573134, 1
CON western Nor,1.4495252518180304, 2
CON korean 240,1.4467351511064885, 1
CON indian N16,1.4406687595916448, 1
CON western_SnT Hyi,1.4085007290567964, 1
CON hawaiian_starlines NAV,1.3966435757167002, 1
CON chinese 154,1.3915591384723314, 1
CON western_rey Phe,1.376383998436058, 1
CON chinese 173,1.3681957824034026, 1
CON korean 128,1.3563166452230666, 1
CON ruelle Cap,1.346842565437273, 1
CON chinese 296,1.3337909793926164, 1
CON chinese 191,1.317303362701214, 1
CON western_hlad Aps,1.300556459292793, 2
CON chinese 256,1.2968585697089776, 1
CON western Phe,1.2916162636800168, 2
CON chinese 261,1.285064349743268, 1
CON western Mus,1.2829423644300784, 2
CON romanian C3i,1.2672503987379462, 1
CON korean 180,1.265142559201073, 1
CON korean 135,1.2589337416106405, 1
CON korean 101,1.2351289910907446, 1
CON chinese 153,1.2165488086442522, 1
CON korean 052,1.206706075093008, 3
CON indian N28,1.174745516349966, 1
CON arabic_arabian_peninsula 3499,1.1569904751521316, 3
CON chinese 295,1.1041227845652046, 1
CON mongolian 004,1.089648666850491, 1
CON western_hlad Hyi,1.0569314889582708, 2
CON egyptian 023,1.0552180413016552, 1
CON western Scl,1.0531869932411295, 2
CON western Oct,1.0503098000162188, 4
CON western Ind,1.0500187995465218, 2
CON ruelle Gru,1.0500176592500623, 1
CON western Tra,1.049544885526225, 5
CON japanese_moon_stations 12,1.0495365269003987, 1
CON western_rey Pic,1.0488397623926604, 1
CON arabic_ancient 0899,1.0485766971111692, 1
CON korean 160,1.0485613063263222, 1
CON inuit 005,1.0483476208378617, 1
CON egyptian 008,1.0481424603924798, 1
CON korean 023,1.0481249361734537, 1
CON ruelle Col,1.0479946528386277, 1
CON ruelle Sct,1.0479911435906997, 1
CON western Tri,1.047840134545755, 6
CON korean 182,1.0478003197877246, 1
CON korean 217,1.0476459533121654, 1
CON korean 113,1.0476403121439872, 1
CON arabic_arabian_peninsula 2603,1.0473329476386497, 6
CON korean 218,1.0473258334409083, 1
CON korean 209,1.047308908831481, 1
CON chinese 308,1.0472719370063486, 1
CON arabic_arabian_peninsula 4201,1.047209946475417, 3
CON korean 172,1.047209946475417, 2
CON korean 134,1.0402615228776042, 1
CON chinese 071,1.010812294669663, 1
CON chinese 074,0.9810395983042941, 1
CON korean 031,0.9600608961895807, 1
CON chinese 180,0.919453256393158, 1
CON korean 127,0.836921357781825, 1
CON indian N02,0.7992230367612428, 2
CON chinese 034,0.7705715635797221, 1
CON chinese 273,0.7368831948610091, 1
CON chinese 117,0.7328141734269138, 1
CON korean 019,0.6782917258610651, 1
CON western_hlad Sex,0.44358989070716276, 1
CON korean 231,0.30332620708963165, 1
CON bugis 012,0.29905654537460497, 1
CON korean 132,0.28469766126142404, 1
CON chinese 306,0.2760763833820391, 1
CON arabic_ancient 2002,0.2616255556419678, 1
CON korean 133,0.23768600063325082, 1
CON macedonian 012,0.21792502153555499, 1
CON western Cir,0.1241278716795921, 5
