Constellation, Min Colinearity, Same Constellations Accross Cultures 
CON boorong Pur,3.1407329641627824, 1
CON tukano 003,3.1403006855435356, 1
CON korean 091,3.1403006855435356, 1
CON western_hlad Cap,3.1401024451797337, 1
CON chinese 128,3.1397690373358533, 1
CON tukano 009,3.1395731138236536, 1
CON western Tau,3.139439795784674, 2
CON western_hlad Tau,3.139439795784674, 1
CON ruelle Tau,3.139439795784674, 1
CON western_rey Tau,3.139439795784674, 1
CON western_SnT Tau,3.139439795784674, 1
CON western_rey Leo,3.1393884990813445, 1
CON arabic_al-sufi CMa,3.139087908629646, 1
CON hawaiian_starlines MAN,3.1390494355942153, 1
CON western Sco,3.1390494355942153, 3
CON maori 004,3.1390494355942153, 1
CON western_rey Sco,3.1390494355942153, 1
CON arabic_al-sufi Sco,3.1390494355942153, 1
CON chinese 024,3.1390494355942153, 1
CON lokono 007,3.138676263148426, 1
CON egyptian 014,3.138250029551313, 1
CON arabic_ancient 1999,3.137292335190562, 2
CON ruelle Aur,3.1367147446701322, 1
CON western_rey Aur,3.1367147446701322, 1
CON western_SnT Aur,3.1367147446701322, 1
CON chinese 070,3.136607081895925, 1
CON arabic_ancient 2699,3.1361487698674004, 1
CON korean 090,3.136146217870197, 1
CON chinese 135,3.136146217870197, 1
CON chinese 125,3.1361089696226987, 1
CON western Psc,3.1360604416170768, 1
CON chinese_contemporary Psc,3.1360604416170768, 1
CON arabic_al-sufi Psc,3.1360604416170768, 1
CON arabic_arabian_peninsula 2550,3.1357080358575367, 3
CON arabic_ancient 2506,3.1357080358575367, 1
CON arabic_ancient 3003,3.135171332605486, 3
CON western_hlad Sgr,3.135171332605486, 1
CON romanian Arc,3.135171332605486, 1
CON arabic_al-sufi Sgr,3.135171332605486, 1
CON korean 161,3.1351289747325266, 2
CON arabic_ancient 4205,3.1351289747325266, 1
CON arabic_ancient 4299,3.1351289747325266, 2
CON japanese_moon_stations 22,3.1351289747325266, 1
CON korean 150,3.135071141832957, 1
CON aztec 001,3.135071141832957, 1
CON arabic_al-sufi Ori,3.135071141832957, 1
CON tupi 001,3.1349095031021346, 1
CON anutan 009,3.1344394187637046, 1
CON navajo 003,3.1342793326113294, 1
CON western Peg,3.132051985638809, 2
CON western_hlad Peg,3.132051985638809, 1
CON korean 138,3.1319333083448235, 1
CON arabic_ancient 4204,3.1319333083448235, 1
CON western_rey Ori,3.1319333083448235, 1
CON mandar 005,3.1319333083448235, 1
CON tupi 002,3.1319333083448235, 1
CON navajo 008,3.1319333083448235, 1
CON chinese 046,3.1319333083448235, 1
CON egyptian 005,3.1319333083448235, 1
CON western_SnT Ori,3.1319333083448235, 1
CON western Sge,3.1317952666465683, 2
CON tukano 001,3.131755438538278, 1
CON arabic_ancient 2099,3.13174395477496, 1
CON macedonian 002,3.1315324280217456, 1
CON korean 124,3.1315324280217456, 1
CON sardinian 002,3.1315324280217456, 1
CON belarusian 003,3.1315324280217456, 1
CON western UMa,3.131254143442225, 3
CON arabic_al-sufi UMa,3.131254143442225, 1
CON korean 246,3.1311905082510716, 1
CON western Dra,3.1311905082510716, 4
CON western_hlad Dra,3.1311905082510716, 1
CON ruelle Dra,3.1311905082510716, 1
CON western_rey Dra,3.1311905082510716, 2
CON chinese 033,3.1311905082510716, 1
CON egyptian 002,3.1311905082510716, 1
CON korean 043,3.1309910740044575, 1
CON chinese 132,3.1309752223743175, 1
CON arabic_ancient 0499,3.1307447871274032, 1
CON ruelle Her,3.130382272546217, 1
CON western Cet,3.129869694192052, 2
CON ruelle Cet,3.129869694192052, 1
CON western Hya,3.1281570702013286, 2
CON korean 188,3.1281544968720203, 1
CON western_hlad Hya,3.1281544968720203, 1
CON japanese_moon_stations 26,3.1281544968720203, 1
CON arabic_al-sufi Hya,3.1281544968720203, 1
CON western_SnT Hya,3.1281544968720203, 1
CON arabic_ancient 5499,3.128006916741028, 1
CON egyptian 010,3.127781984759183, 1
CON korean 214,3.1275682011746557, 1
CON western Per,3.1274480025217537, 3
CON ruelle Per,3.1274480025217537, 1
CON boorong Cwp,3.1268209564827396, 1
CON western Vel,3.1263981795465408, 2
CON western_hlad Vel,3.1263981795465408, 2
CON western_rey Vel,3.1263981795465408, 1
CON boorong Unu,3.1262254323679146, 1
CON western_hlad CMa,3.1250331352440197, 1
CON navajo 006,3.124517233625309, 1
CON western Dor,3.1244856726733583, 2
CON western_hlad Dor,3.1244856726733583, 1
CON western_rey Dor,3.1244856726733583, 2
CON chinese 113,3.1244856726733583, 1
CON korean 249,3.124456830111903, 1
CON mandar 002,3.124451644820451, 1
CON lokono 012,3.124157901266693, 1
CON arabic_al-sufi Peg,3.124137137688425, 1
CON western_SnT Peg,3.124137137688425, 1
CON chinese 073,3.124080203424703, 1
CON western_hlad Ser,3.1239020404413687, 1
CON romanian Sar,3.1239020404413687, 1
CON arabic_al-sufi Per,3.1236890382528815, 1
CON arabic_al-sufi Cap,3.1233422297430766, 1
CON arabic_ancient 5099,3.123251339696346, 1
CON western_rey Oph,3.122456158680583, 1
CON western_SnT Oph,3.122456158680583, 1
CON arabic_al-sufi Dra,3.1219599253314745, 1
CON western Car,3.1216826243807487, 2
CON tupi 004,3.1216826243807487, 1
CON korean 145,3.1214464745714565, 1
CON western Eri,3.1214464745714565, 2
CON western_hlad Eri,3.1214464745714565, 1
CON ruelle Eri,3.1214464745714565, 1
CON arabic_al-sufi Eri,3.1214464745714565, 1
CON chinese 253,3.1214464745714565, 1
CON ruelle Cyg,3.120772151224755, 1
CON korean 103,3.120130019963884, 1
CON western_rey Ind,3.1200581069205096, 1
CON western_SnT Ind,3.1200581069205096, 1
CON arabic_ancient 1902,3.119996396412592, 2
CON arabic_arabian_peninsula 2999,3.1191289130510484, 3
CON korean 038,3.1191289130510484, 2
CON ruelle Sco,3.1191289130510484, 1
CON mandar 003,3.1191289130510484, 1
CON bugis 003,3.1191289130510484, 1
CON western_SnT Sco,3.1191289130510484, 1
CON arabic_al-sufi Oph,3.1188927656318444, 1
CON western_rey Aqr,3.118329346807393, 1
CON indian N19,3.117419827835826, 1
CON western_hlad Sco,3.117419827835826, 1
CON arabic_al-sufi Vir,3.1171667198591213, 1
CON ruelle Ori,3.1160960577227446, 1
CON arabic_al-sufi Arg,3.115851769640067, 1
CON navajo 007,3.1158126398180785, 1
CON boorong Krk,3.1158126398180785, 1
CON blackfoot 003,3.1157709002044887, 1
CON lokono 011,3.1155441276138527, 1
CON egyptian 016,3.115345510333191, 1
CON western_rey Per,3.1149356621132362, 1
CON chinese 055,3.1140968790366097, 1
CON western_hlad Vir,3.113970652689466, 1
CON arabic_ancient 4203,3.113856323586407, 1
CON chinese 069,3.113856323586407, 1
CON tukano 005,3.1129703080584235, 1
CON ruelle Oph,3.1119992226120443, 1
CON chinese 075,3.111456130590582, 1
CON ruelle Lib,3.1113283377789345, 1
CON ruelle UMa,3.1110616002277904, 1
CON chinese 054,3.1109778408168647, 1
CON ruelle Hya,3.110595603454659, 1
CON egyptian 007,3.110123961811572, 1
CON arabic_ancient 6299,3.109667768116616, 1
CON western_hlad Psc,3.109667768116616, 1
CON korean 121,3.109661089244845, 1
CON arabic_ancient 1399,3.1089150605612073, 1
CON arabic_al-sufi Ari,3.1086598707624757, 1
CON maori 006,3.108095720871221, 1
CON ruelle Boo,3.1074407037428227, 1
CON egyptian 017,3.1074407037428227, 1
CON western And,3.1073303495509035, 3
CON romanian Jgb,3.1073303495509035, 1
CON navajo 004,3.1073303495509035, 1
CON western_SnT And,3.1073303495509035, 1
CON egyptian 006,3.10725125310409, 1
CON korean 164,3.1063274230893927, 1
CON western_rey Mon,3.1063274230893927, 1
CON western_SnT Mon,3.1063274230893927, 1
CON arabic_al-sufi Aqr,3.1062656479957913, 1
CON ruelle Gem,3.105392385091649, 1
CON aztec 003,3.105392385091649, 1
CON book-of-the-stars-almagest SFA,3.105322569056495, 1
CON bugis 006,3.105190904591669, 1
CON korean 085,3.1051763983433216, 1
CON chinese 206,3.1051763983433216, 1
CON chinese 215,3.1046617488013455, 1
CON western_hlad Col,3.103564606447055, 2
CON western_rey Col,3.103564606447055, 1
CON chinese 254,3.103150699525686, 1
CON ruelle CarPupVel,3.102889859693981, 1
CON chinese 101,3.102859382270327, 1
CON western_hlad UMa,3.10217999707296, 1
CON western_rey Uma,3.10217999707296, 1
CON navajo 001,3.10217999707296, 1
CON western_SnT UMa,3.10217999707296, 1
CON chinese 184,3.102179978200315, 1
CON korean 028,3.101624026923992, 3
CON romanian Sco,3.101624026923992, 1
CON boorong Djt,3.101624026923992, 1
CON western Sgr,3.101225185332524, 2
CON korean 027,3.100918605592464, 1
CON arabic_ancient 6099,3.1007304049036706, 1
CON korean 022,3.1006623426992075, 1
CON western_SnT Leo,3.1004067200986483, 1
CON arabic_al-sufi Her,3.099548179948508, 1
CON chinese 165,3.099548179948508, 1
CON western_SnT Her,3.099548179948508, 1
CON chinese 043,3.098810502816074, 1
CON arabic_al-sufi CrA,3.0986463595974514, 1
CON western_rey TrA,3.098574664524513, 2
CON ruelle Aqr,3.098426058348764, 1
CON arabic_ancient 3004,3.0982552443257854, 1
CON chinese 236,3.0982031909761942, 1
CON egyptian 003,3.0981141067620146, 1
CON western_hlad Oph,3.0980779501496505, 1
CON tupi 003,3.097054750394037, 1
CON chinese 036,3.096872387270611, 1
CON western Pav,3.096704215577721, 3
CON western_hlad Pav,3.096704215577721, 1
CON ruelle Pav,3.096704215577721, 1
CON western_SnT Pav,3.096704215577721, 1
CON western_rey Psc,3.0963936070803952, 1
CON western_SnT Psc,3.0963936070803952, 1
CON western_rey Cen,3.09597393953365, 1
CON korean 114,3.095903669983819, 1
CON western_hlad Per,3.095903669983819, 1
CON romanian Bar,3.095903669983819, 1
CON chinese 213,3.095903669983819, 1
CON western_SnT Per,3.095903669983819, 1
CON macedonian 005,3.0948078488397317, 1
CON western Boo,3.094707683322663, 3
CON western_rey Boo,3.094707683322663, 1
CON boorong Mar,3.094707683322663, 1
CON western_SnT Boo,3.094707683322663, 1
CON chinese 171,3.0946587407255195, 1
CON western Pyx,3.092653149940231, 2
CON western_hlad Pyx,3.092653149940231, 1
CON western_rey Pyx,3.092653149940231, 2
CON chinese 221,3.092653149940231, 1
CON anutan 001,3.0924226253944687, 1
CON western_SnT Gru,3.0924226253944687, 1
CON chinese 220,3.092193047705444, 1
CON korean 271,3.092187366979801, 1
CON korean 232,3.0918947064234583, 1
CON arabic_ancient 2899,3.0913174289988037, 1
CON western_rey Pup,3.0902498404242444, 1
CON western_SnT Pup,3.0902498404242444, 1
CON korean 051,3.0902192505358044, 1
CON western_rey Del,3.090112082369559, 1
CON arabic_al-sufi Del,3.090112082369559, 1
CON western Del,3.0898761559535277, 4
CON western_hlad Del,3.0898761559535277, 1
CON anutan 007,3.0898761559535277, 1
CON lokono 006,3.08929421389187, 1
CON korean 251,3.0886023867485055, 1
CON egyptian 011,3.0884513860945253, 1
CON boorong Bun,3.08833891589983, 1
CON chinese 049,3.0882975112440105, 1
CON hawaiian_starlines LUP,3.0871255984936226, 1
CON arabic_al-sufi SHr,3.0865035339524414, 1
CON ruelle Phe,3.0863214779018855, 1
CON chinese 022,3.0862023025857726, 1
CON western_SnT Ser,3.0862023025857726, 1
CON western_hlad Vul,3.0859751130785855, 1
CON arabic_al-sufi Cyg,3.0859062504806003, 1
CON western_SnT Aql,3.085809600301832, 1
CON chinese 252,3.085526435977985, 1
CON romanian Chi,3.0854367717591193, 1
CON arabic_al-sufi Cet,3.0854367717591193, 1
CON korean 086,3.085420261769256, 1
CON ruelle Peg,3.085420261769256, 1
CON chinese 136,3.085420261769256, 1
CON western_rey Lup,3.0853881676595085, 1
CON arabic_al-sufi Cen,3.085266896390323, 1
CON sami 002,3.084399124451418, 1
CON korean 099,3.084219277436388, 1
CON western_SnT Cap,3.083530024979016, 1
CON korean 014,3.0822081433512856, 2
CON arabic_ancient 1101,3.0822081433512856, 1
CON arabic_ancient 1199,3.0822081433512856, 1
CON arabic_al-sufi Boo,3.0822081433512856, 1
CON korean 105,3.0817097064959955, 1
CON arabic_ancient 4999,3.080780173928704, 1
CON korean 202,3.07932926675174, 2
CON arabic_ancient 5399,3.0783341593888713, 1
CON korean 054,3.0781651550534357, 1
CON western_hlad Sge,3.0781651550534357, 3
CON ruelle Sge,3.0781651550534357, 1
CON romanian Vca,3.0778497456884497, 1
CON northern_andes 001,3.077836796708836, 1
CON western Cyg,3.077698372924279, 3
CON romanian Pma,3.077698372924279, 1
CON sardinian 009,3.077698372924279, 1
CON boorong Tbg,3.0772726345873194, 1
CON korean 200,3.0770117480210355, 1
CON western Aql,3.076677315234931, 2
CON ruelle Aql2,3.076677315234931, 1
CON western_rey Aql,3.076677315234931, 1
CON arabic_al-sufi Gem,3.0766018559757256, 1
CON western_hlad Lyn,3.0764928475038764, 1
CON western Aqr,3.0762403292920877, 2
CON western_hlad Aqr,3.0762403292920877, 1
CON romanian Psc,3.075921849284486, 1
CON arabic_al-sufi PsA,3.075110607102898, 1
CON western_hlad PsA,3.0731252149633215, 1
CON ruelle PsA,3.0731252149633215, 1
CON western_rey PsA,3.0731252149633215, 2
CON romanian Var,3.0729688456460935, 1
CON western_SnT Cen,3.0728525910616638, 1
CON western_SnT Car,3.072141313673266, 1
CON korean 252,3.071352147706886, 2
CON arabic_ancient 1502,3.071352147706886, 1
CON korean 167,3.0712599516105423, 1
CON korean 075,3.071054272385863, 1
CON western_rey Her,3.070191232108446, 1
CON western Ori,3.069476778734685, 2
CON western_hlad Gru,3.0670725238069827, 1
CON western_rey Eri,3.0669408507337352, 1
CON western_SnT Eri,3.0669408507337352, 1
CON chinese 307,3.0650054785713166, 1
CON northern_andes 003,3.0642817927596284, 1
CON korean 033,3.064041447764174, 1
CON ruelle Com,3.0634300849179237, 1
CON western_rey Peg,3.063284802193944, 1
CON chinese 270,3.063085267383973, 1
#CON indian N13,3.062657940916332, 2
CON korean 192,3.062657940916332, 3
CON ruelle Crv,3.062657940916332, 2
CON western_rey Crv,3.062657940916332, 1
CON chinese 031,3.062657940916332, 1
CON korean 116,3.0623154250826694, 1
CON chinese 062,3.0623154250826694, 1
CON western_hlad Cet,3.0613359704488903, 1
CON chinese 242,3.0613359704488903, 1
CON chinese 103,3.060894736368963, 1
CON western_rey Cap,3.060681615936831, 1
CON boorong Bbg,3.0606707563041806, 1
CON arabic_al-sufi Tau,3.0604000275321757, 1
CON ruelle Lyn,3.0600159188602594, 1
CON chinese 066,3.058855582381646, 1
CON western Cap,3.0584509662177384, 3
CON romanian Cap,3.0584509662177384, 1
CON western_rey Phe,3.0583294242927432, 1
CON tukano 011,3.0583028244053008, 6
#CON macedonian 001,3.0583028244053008, 11
CON blackfoot 001,3.0583028244053008, 1
CON bugis 005,3.0583028244053008, 1
CON korean 185,3.0582105910490727, 1
CON arabic_ancient 1501,3.057600706279871, 1
CON korean 186,3.057220648218384, 1
CON sami 001,3.056929460885878, 1
CON western Cam,3.054983697773056, 2
CON korean 143,3.05495290510251, 1
CON arabic_ancient 5999,3.0543679987540626, 1
CON chinese 301,3.050455587487018, 1
CON ruelle Leo,3.0501758912202717, 1
CON korean 183,3.0499515939061146, 1
CON japanese_moon_stations 24,3.0499515939061146, 1
CON tukano 002,3.0491653139219634, 1
CON arabic_ancient 2811,3.0487744803924177, 1
CON chinese 286,3.0482365691094793, 1
CON korean 236,3.046851960007964, 2
CON western_rey Lac,3.046706593575988, 2
CON western Sct,3.046657339213502, 2
CON chinese 057,3.0462096438541795, 1
CON chinese 267,3.0455288841278416, 1
CON western_rey Cet,3.045450495815609, 1
#CON macedonian 016,3.045181321986371, 10
CON blackfoot 004,3.045181321986371, 2
CON arabic_ancient 1499,3.045181321986371, 3
CON ruelle CrB,3.045181321986371, 1
CON romanian Hra,3.045181321986371, 1
CON chinese 087,3.045181321986371, 1
CON arabic_al-sufi Cep,3.0446764753361255, 1
CON boorong Kul,3.0443520737728273, 1
CON western_rey Hya,3.0439960273580775, 1
CON western_hlad Mon,3.04283785535695, 1
CON korean 058,3.0425014471937994, 1
CON chinese 016,3.0425014471937994, 1
CON chinese 228,3.0416914333090954, 1
CON western_rey Cyg,3.0406852678312983, 1
CON ruelle Crt,3.039404936036012, 1
CON chinese 313,3.0391034438243585, 1
CON chinese_contemporary CMa,3.038723880306985, 1
CON western_rey CMa,3.038723880306985, 1
CON korean 065,3.037458268452238, 2
CON egyptian 013,3.0368184747970406, 1
CON anutan 010,3.0368184747970406, 1
CON chinese 080,3.0341375742527483, 1
CON western Her,3.0339783422190525, 1
CON chinese_contemporary Her,3.0339783422190525, 1
CON western_hlad Her,3.0339783422190525, 1
CON romanian Omu,3.0339783422190525, 1
CON korean 108,3.0338780238806278, 1
CON western CMa,3.0337497876624018, 1
CON boorong Ydk,3.033465164569584, 1
CON tongan 008,3.0329831829572624, 1
CON western_rey Lyr,3.0312002475056197, 1
CON chinese 278,3.0310040029645617, 1
CON chinese 072,3.0299210691260035, 1
CON tongan 007,3.0290135005325776, 1
CON chinese 284,3.0284240450577826, 1
CON chinese 262,3.028154912702295, 1
CON korean 179,3.027904174133022, 1
CON western_hlad Cep,3.0278700734977875, 1
CON western_rey Cep,3.0277862168776846, 1
CON western_SnT Cep,3.0277862168776846, 1
CON western_SnT Cyg,3.026663003226667, 1
CON romanian Gem,3.0257191584824703, 1
CON arabic_al-sufi And,3.0252294322344495, 1
CON tupi 006,3.024954729640315, 1
CON korean 248,3.0245880161699916, 1
CON korean 094,3.0241705828754077, 1
CON western Ser,3.0238725202614996, 2
CON arabic_al-sufi Ser,3.022202410585218, 1
CON navajo 002,3.0215733505050424, 1
CON chinese 094,3.021202637891711, 1
CON bugis 002,3.020903333823516, 1
CON chinese 209,3.017317361591347, 1
CON arabic_ancient 4199,3.0163002130258154, 1
CON western_rey Ari,3.0158514190746564, 1
CON arabic_al-sufi Sge,3.015547460315445, 1
CON chinese 156,3.015097404484646, 1
CON western Cen,3.0145439330523383, 2
CON western_rey LMi,3.0129442315665083, 2
CON arabic_al-sufi Leo,3.0107450141360985, 1
CON tukano 008,3.010402174043801, 1
#CON arabic_arabian_peninsula 4202,3.010402174043801, 15
CON arabic_arabian_peninsula 4299,3.010402174043801, 1
CON hawaiian_starlines KHK,3.010402174043801, 1
CON korean 149,3.010402174043801, 2
CON siberian Kic,3.010402174043801, 1
CON western_hlad Ori,3.010402174043801, 1
CON japanese_moon_stations 21,3.010402174043801, 1
CON romanian Rar,3.010402174043801, 1
CON romanian Sfm,3.010402174043801, 1
CON bugis 008,3.010402174043801, 1
CON chinese 277,3.009644476023679, 1
CON arabic_al-sufi Cas,3.0094177079341393, 1
CON chinese 081,3.0094177079341393, 1
CON chinese 130,3.0079617671645913, 1
CON korean 034,3.0066027885644733, 1
CON chinese 229,3.0066027885644733, 1
CON boorong Otc,3.005793520795341, 1
CON western PsA,3.0055975420860377, 2
#CON indian N22,3.005450143122296, 7
CON western_hlad Aql,3.005450143122296, 1
CON boorong Tot,3.005450143122296, 1
CON chinese 118,3.005421089691841, 1
CON korean 050,3.0044434030951432, 1
CON western CrA,3.0044434030951432, 2
CON chinese 029,3.002728545078647, 1
CON korean 060,3.0024245804508323, 1
CON korean 190,3.0022487127210504, 1
CON northern_andes 005,3.0019004254773023, 1
CON romanian Sec,3.0014540902547604, 1
CON northern_andes 004,3.0004629378980616, 1
CON korean 203,2.9983855353089366, 1
CON western_hlad Oct,2.99755434465491, 1
CON mandar 001,2.997025815531644, 1
CON western Ara,2.996686346411914, 2
CON korean 159,2.996463435835422, 1
CON western Gem,2.996463435835422, 4
CON western_rey Gem,2.996463435835422, 1
CON chinese 269,2.996463435835422, 1
CON arabic_ancient 2005,2.995147392742034, 1
CON arabic_ancient 2008,2.9947707919110482, 1
CON western Lac,2.994768636345237, 2
CON chinese 091,2.9933929950051463, 1
CON northern_andes 002,2.992531016737246, 1
CON korean 106,2.9917203732518427, 1
CON boorong Yur,2.9915848530514078, 1
CON korean 241,2.9913642138429144, 1
CON arabic_ancient 1099,2.99017413663115, 1
CON tukano 007,2.9878640257165827, 3
CON sardinian 001,2.9878640257165827, 1
CON korean 199,2.987659550395008, 1
CON ruelle Vir,2.9870937569065785, 1
CON belarusian 012,2.9862874535944934, 1
CON western_rey Car,2.986105792928359, 1
CON chinese 263,2.9855338231579482, 1
CON ruelle Lac,2.9847024268355415, 1
CON boorong Ktc,2.984499532098901, 1
CON korean 011,2.9841777956915525, 1
CON western_hlad Tuc,2.982935704497301, 2
CON korean 077,2.981993534953999, 1
CON western_rey Cha,2.9812406460590606, 1
CON western_SnT Cha,2.9812406460590606, 1
CON western LMi,2.981020711273036, 2
CON boorong Wjl,2.978743613697826, 1
CON korean 272,2.97849672059011, 1
CON western_SnT Aqr,2.973769114379233, 1
CON arabic_al-sufi Aur,2.973587709108835, 1
CON western_hlad Lup,2.9641331388295105, 1
CON western Vol,2.964055439692867, 2
CON western_rey Vol,2.964055439692867, 1
CON western_SnT Vol,2.964055439692867, 1
CON arabic_arabian_peninsula 2808,2.9636877999021194, 3
CON western_rey Vir,2.9636877999021194, 1
CON romanian Vir,2.9636877999021194, 1
CON western_SnT Vir,2.9636877999021194, 1
CON western_rey Sgr,2.9633835541221365, 1
CON arabic_al-sufi SFB,2.9614482117757763, 1
CON chinese 275,2.9606141156825236, 1
CON tukano 004,2.9600470459049095, 1
CON ruelle Ser,2.957836011545852, 1
CON western_hlad Cha,2.9575813727113442, 1
CON western_rey Lib,2.956676532404948, 2
CON arabic_al-sufi Lyr,2.9546892578484565, 1
CON western_rey Ser,2.9531155034423726, 1
CON western_rey SerCp,2.9531155034423726, 1
CON western_hlad Gem,2.9470466498790517, 1
CON chinese 181,2.9468922608703725, 1
CON ruelle Psc,2.945728113931394, 1
CON western_hlad Vol,2.945655069412593, 1
CON korean 146,2.945261154825123, 1
CON chinese 102,2.944702487042988, 1
CON macedonian 018,2.9444090768760915, 3
CON western_hlad Cyg,2.9444090768760915, 1
CON chinese 050,2.944371457353757, 1
CON western_hlad Cnc,2.940217618332002, 1
CON japanese_moon_stations 27,2.940194929441319, 1
CON chinese 316,2.939582967466524, 1
CON western Cnc,2.939228940979455, 2
CON western_rey Cnc,2.939228940979455, 1
CON romanian Rac,2.939228940979455, 2
CON arabic_al-sufi Can,2.939228940979455, 1
CON western Lup,2.938279730182271, 2
CON arabic_arabian_peninsula 3099,2.9376186492284013, 3
CON western_SnT Sgr,2.9376186492284013, 1
CON western Phe,2.937557434171109, 2
CON chinese 231,2.9351246695303335, 1
CON chinese 012,2.9302625873556325, 1
CON arabic_al-sufi Aql,2.9283855751467827, 1
CON boorong Cwr,2.927859516377155, 1
CON hawaiian_starlines NAV,2.9259862616091543, 1
CON korean 062,2.9259862616091543, 1
CON arabic_ancient 1899,2.9259862616091543, 1
CON chinese 232,2.9259862616091543, 1
CON western_SnT Lyr,2.9257831661171116, 1
CON korean 237,2.925363059241734, 1
#CON western UMi,2.925363059241734, 9
CON arabic_ancient 0299,2.925363059241734, 2
CON aztec 004,2.925363059241734, 1
CON arabic_al-sufi UMi,2.925363059241734, 1
CON chinese 083,2.925363059241734, 1
CON western Gru,2.9247104352749056, 3
CON korean 061,2.9240593483382638, 1
CON chinese 272,2.9240593483382638, 1
CON western Lep,2.923316323559294, 2
CON western_hlad Lep,2.923316323559294, 1
CON western_rey Lep,2.923316323559294, 2
CON korean 136,2.9215035770450135, 1
CON korean 178,2.921498231050836, 1
CON chinese 268,2.91994654791957, 1
CON western Mon,2.915724497222808, 2
CON korean 119,2.910268991778985, 2
CON arabic_al-sufi Lep,2.909639453159711, 1
CON ruelle Cer,2.908679513366166, 1
CON arabic_al-sufi Crv,2.9060749719742796, 1
CON japanese_moon_stations 09,2.9027964468042877, 1
CON bugis 001,2.9004982218221182, 1
CON western_SnT Cet,2.899532698354168, 1
CON ruelle Cas,2.899289534160406, 1
CON western_rey Sct,2.898016892188581, 2
CON western Nor,2.8974483495577594, 2
CON macedonian 019,2.8970600479730586, 1
CON japanese_moon_stations 15,2.8964403948333457, 1
CON anutan 011,2.8960124596717107, 1
CON korean 129,2.895812672142483, 1
CON ruelle Sgr,2.894532990766697, 1
CON maori 005,2.8940817631997615, 4
CON japanese_moon_stations 19,2.8940817631997615, 1
CON romanian Tau,2.8940817631997615, 2
CON tupi 007,2.8940817631997615, 1
CON belarusian 007,2.8940817631997615, 1
CON korean 247,2.891450888183982, 1
CON ruelle And,2.890488916905903, 1
CON arabic_ancient 4899,2.890406542000782, 1
CON arabic_al-sufi Lup,2.888398029648639, 1
CON korean 026,2.88829277838286, 2
CON western_rey And,2.886600761496679, 1
CON western_rey SerCd,2.885172625605072, 1
CON western_hlad Hor,2.8848191225726625, 1
CON western_SnT Hor,2.8848191225726625, 1
CON arabic_ancient 2004,2.884383299732052, 1
CON mandar 004,2.8835054552974184, 1
CON boorong Nln,2.8832915034319666, 1
CON hawaiian_starlines KAO,2.882455584630763, 1
CON western Leo,2.882455584630763, 2
CON western_hlad Leo,2.882455584630763, 2
CON chinese 001,2.8783061519199467, 1
CON anutan 004,2.8783061519199467, 1
CON hawaiian_starlines KOM,2.8741343720717634, 1
CON inuit 004,2.8741343720717634, 1
CON western_hlad CrA,2.8717701777871207, 1
CON western_rey CrA,2.8717701777871207, 1
CON boorong Won,2.8717701777871207, 1
CON korean 141,2.871492901427735, 1
CON korean 233,2.87006462299284, 1
CON chinese 030,2.8696597650395574, 1
CON western Vir,2.8688803495837045, 2
CON arabic_al-sufi Crt,2.8686272321266135, 1
CON korean 064,2.8673866178485024, 1
CON chinese 090,2.8652950377952866, 1
CON chinese 097,2.8582992144660744, 1
CON western Pup,2.854534266805671, 2
CON chinese 315,2.8543673597130796, 1
CON korean 147,2.8540295340669153, 1
CON korean 170,2.8490521925435472, 1
CON western_hlad Cam,2.8487050981146447, 1
CON western_rey Cam,2.8487050981146447, 1
CON western_SnT Cam,2.8487050981146447, 1
CON korean 262,2.843844049016816, 1
CON western_hlad Ara,2.8380000542542025, 1
CON western_rey Ara,2.8380000542542025, 1
CON western_SnT Ara,2.8380000542542025, 1
CON western_rey Mus,2.8376232450952243, 1
CON western_SnT Mus,2.8376232450952243, 1
CON ruelle Lep,2.83622086557497, 1
CON korean 122,2.833814376918828, 2
CON arabic_ancient 5899,2.833763974539613, 1
CON romanian Prb,2.8335363164701826, 1
CON macedonian 017,2.8333201961825485, 1
CON indian N17,2.832863016936213, 4
CON western_hlad Tel,2.832759855923319, 1
CON korean 089,2.831682394120354, 1
CON western Oph,2.8315188752461604, 2
CON chinese 287,2.8305751792783065, 1
CON chinese 095,2.8294046845042815, 1
CON western_hlad Boo,2.8284359607359124, 1
CON korean 059,2.8267734041137174, 1
CON western_hlad Cen,2.826069246363737, 1
CON western Aur,2.8254488592196156, 4
CON chinese 032,2.8253623796903073, 1
CON korean 142,2.824703107962075, 1
CON western Ari,2.8244864534854823, 4
CON romanian Ber,2.8244864534854823, 1
CON anutan 005,2.8244864534854823, 1
CON korean 189,2.822406369705058, 1
CON chinese 216,2.8196711246105686, 1
CON korean 131,2.818399389935173, 1
CON romanian Tdz,2.8177464914986734, 1
CON western Lyr,2.8148384206359576, 5
CON ruelle CMa,2.8128904677738062, 1
CON western_SnT CMa,2.8128904677738062, 1
CON korean 098,2.812844267404886, 1
CON western_hlad Ind,2.8120529138378862, 1
CON arabic_ancient 2599,2.811110520116711, 1
CON chinese 134,2.809200912838528, 1
CON romanian Csa,2.8076461959582786, 1
CON chinese 290,2.8064869213833594, 1
CON western_SnT Hyi,2.8040577464853818, 1
CON chinese 143,2.8020974866173813, 1
CON arabic_ancient 2703,2.801279167752417, 1
CON arabic_ancient 2799,2.801279167752417, 1
CON korean 120,2.8010506702682654, 1
CON korean 212,2.800498447983447, 1
CON western Col,2.79768924265561, 2
CON western_SnT CrA,2.7956404257628793, 1
CON anutan 006,2.793736264964808, 1
CON korean 235,2.793727924597305, 1
CON chinese 212,2.793727924597305, 1
CON korean 191,2.788366158630869, 1
CON chinese 251,2.7870327088567293, 1
CON japanese_moon_stations 25,2.78641233272864, 1
CON chinese 027,2.78641233272864, 1
CON western_hlad Pup,2.7833211180931245, 1
CON chinese 037,2.7828121941358366, 1
CON arabic_al-sufi Ara,2.780792746147838, 1
CON korean 181,2.77597661272934, 1
CON western Cep,2.773422404212911, 2
CON macedonian 014,2.7728113634368388, 1
CON chinese 013,2.7698968336711607, 1
CON korean 215,2.768132528702164, 1
CON arabic_arabian_peninsula 3399,2.7678418680283086, 3
CON ruelle Ara,2.7650582878798065, 1
CON western_SnT Lup,2.7603318359126403, 1
CON chinese 224,2.7499110817966734, 1
CON ruelle Cnc,2.7445847760463624, 1
CON ruelle Cep,2.7402034330676557, 1
CON western_rey Lyn,2.7383445247645604, 1
CON arabic_ancient 4599,2.7323494409169626, 1
CON korean 197,2.7311965082408745, 2
CON arabic_ancient 6199,2.7288548756505455, 1
CON egyptian 012,2.7281346912194895, 1
CON chinese 214,2.727131075867912, 1
CON arabic_ancient 0999,2.7223970399735387, 1
CON western Ret,2.721936934649413, 5
CON chinese 149,2.7194932975980706, 1
CON korean 110,2.7156760082539564, 1
CON boorong Lnk,2.7135374261329726, 1
CON western Cha,2.7109683169721652, 2
CON western Lib,2.7024586350509634, 2
CON arabic_al-sufi Lib,2.7024586350509634, 1
CON chinese 120,2.7013568928055895, 1
CON western Cae,2.69972963812503, 2
CON western_hlad Cae,2.69972963812503, 2
CON chinese 157,2.699614410543879, 1
CON macedonian 011,2.6994722100191204, 1
CON korean 198,2.6992244299607475, 1
CON chinese 199,2.6989462561618867, 1
CON inuit 010,2.6978863562459097, 1
CON anutan 003,2.695188225473149, 1
CON korean 201,2.69420066392331, 2
CON navajo 005,2.6902212228966436, 3
CON korean 144,2.6862654881099473, 1
CON boorong War,2.6852451581607206, 1
CON arabic_ancient 2006,2.681836312949895, 1
CON korean 229,2.6814333716182888, 2
CON western_rey Aps,2.6771554837027836, 1
CON korean 259,2.6746483431391908, 1
CON bugis 010,2.668936260781723, 1
CON korean 063,2.66846102315778, 2
CON tukano 006,2.6655765106869675, 1
CON romanian Ccp,2.6655765106869675, 1
CON lokono 003,2.662834637978709, 1
CON indian N18,2.6614554534955825, 4
CON western_hlad Sct,2.6600996642979178, 1
CON chinese 195,2.654429827200857, 1
CON western_hlad Lac,2.648116995137293, 1
CON western Lyn,2.6428086648244364, 3
CON korean 010,2.6389129441011665, 3
CON korean 097,2.6357268215038308, 2
CON western_hlad Equ,2.634864523691285, 1
CON egyptian 021,2.630839885445518, 1
CON siberian DNe,2.629682227047346, 1
CON egyptian 027,2.6232718260137573, 1
CON chinese 219,2.6207073155191796, 1
CON korean 046,2.619257702018182, 2
CON western_rey Hyi,2.611960310431882, 1
CON chinese 182,2.611960310431882, 1
CON chinese 302,2.605185772889256, 1
CON korean 016,2.6037438240450697, 1
CON ruelle Tuc,2.60175968997225, 1
CON western Crt,2.601551786699576, 3
CON arabic_ancient 5199,2.601551786699576, 1
CON western_hlad Crt,2.601551786699576, 1
CON western_SnT Crt,2.601551786699576, 1
CON korean 195,2.6011328778335248, 1
CON korean 187,2.5997656204987885, 1
CON ruelle Lup,2.5917659433471827, 1
CON chinese 035,2.586713465647274, 1
CON korean 057,2.5864727395658895, 1
CON ruelle Cen,2.5845317641800696, 1
CON hawaiian_starlines IWI,2.5775450197730696, 1
CON western_hlad Phe,2.572771758837388, 1
CON western_SnT Phe,2.572771758837388, 1
CON aztec 002,2.5707715632120802, 1
CON korean 112,2.570507999792421, 1
CON chinese 210,2.570507999792421, 1
CON western Mus,2.5641640850490126, 2
CON ruelle Mus,2.5641640850490126, 1
CON western_hlad LMi,2.564045166442934, 1
CON western Mic,2.562917579331264, 2
CON western_hlad Mic,2.562917579331264, 1
CON chinese 167,2.5603598067087603, 1
CON sardinian 004,2.5549765884483935, 2
CON arabic_ancient 1901,2.5446722972242832, 2
CON arabic_arabian_peninsula 3005,2.5382714067643697, 3
CON western_rey Tuc,2.536368594882377, 1
CON korean 228,2.526283083631284, 1
CON arabic_ancient 2399,2.5224054120590926, 1
CON korean 001,2.514546930156071, 1
CON arabic_arabian_peninsula 2810,2.5082250773957315, 3
CON romanian Pmi,2.496950136285848, 1
CON korean 109,2.4930701373899122, 4
CON ruelle Ari,2.4930701373899122, 1
CON korean 048,2.4892949226830385, 1
CON korean 040,2.4891004053526413, 2
CON arabic_ancient 3001,2.4891004053526413, 3
CON indian N03,2.4748234881599998, 1
CON chinese 015,2.4748234881599998, 1
CON western_hlad Lib,2.460591297173706, 1
CON korean 041,2.4544296240986836, 1
CON chinese 141,2.451496250646176, 1
CON chinese 119,2.451167053417257, 1
CON chinese 255,2.4435157513016015, 1
CON korean 044,2.43728459656362, 1
CON arabic_arabian_peninsula 3499,2.4305342996441617, 3
CON korean 082,2.4305342996441617, 1
CON korean 074,2.421473291601323, 1
CON chinese 064,2.420980886369041, 1
CON korean 130,2.412052096451186, 2
CON western_hlad Aur,2.412052096451186, 1
CON chinese 266,2.412052096451186, 1
CON western Pic,2.4117448568781104, 4
CON western_rey Pic,2.4117448568781104, 1
CON korean 211,2.411164037162119, 1
CON chinese 246,2.405648644675921, 1
CON korean 056,2.4029458219591895, 1
CON chinese 265,2.399206153587137, 1
CON chinese 089,2.397573377858839, 1
CON chinese 193,2.3933289194724785, 1
CON western_rey Cas,2.389402809643025, 1
CON korean 053,2.387519385634091, 1
CON western_hlad Car,2.3767412117394535, 1
CON boorong Wpl,2.3635121653635545, 1
CON western_SnT Scl,2.3604278038221183, 1
CON ruelle Vul,2.3548926458006414, 1
CON macedonian 015,2.34675785364965, 1
CON ruelle Lyr,2.34675785364965, 1
CON korean 238,2.3451346476775945, 1
CON chinese 318,2.34201651962435, 1
CON arabic_ancient 4799,2.336034959379936, 1
CON romanian Cma,2.3254141126428, 1
CON arabic_arabian_peninsula 2805,2.3246557747538086, 3
CON sardinian 007,2.3246557747538086, 1
CON arabic_ancient 3002,2.3223428336316947, 2
CON japanese_moon_stations 08,2.3223428336316947, 1
CON chinese 240,2.307190448505475, 1
CON arabic_ancient 2299,2.305653826120843, 1
CON chinese 292,2.301584778312157, 1
CON western_hlad For,2.2994588836497987, 2
CON korean 080,2.2955609175251084, 2
CON korean 244,2.287758498194125, 2
CON chinese 148,2.284741891636114, 1
CON korean 111,2.2771158713208757, 1
CON western Equ,2.2735264481474027, 4
CON korean 078,2.267014715368956, 1
CON korean 162,2.261782561290122, 1
CON chinese 086,2.2579670048465603, 1
CON korean 258,2.246251335553538, 1
CON korean 037,2.2462354507119864, 1
CON chinese 017,2.237768564251175, 1
CON western_rey DraH,2.2259114922637226, 1
CON chinese 208,2.2259114922637226, 1
CON arabic_arabian_peninsula 3299,2.2179900634240437, 3
CON korean 216,2.216267625241181, 1
CON arabic_ancient 0799,2.216267625241181, 2
CON arabic_ancient 4699,2.214620471815297, 1
CON ruelle Col,2.214620471815297, 1
CON chinese 139,2.1915782734290628, 1
CON western Aps,2.1889153853085945, 2
CON western_hlad Aps,2.1889153853085945, 2
CON arabic_al-sufi Tri,2.1884621313814514, 1
CON arabic_arabian_peninsula 2803,2.1837642538593474, 3
CON chinese 142,2.1797345540795035, 1
CON chinese 297,2.167744357775047, 1
CON western Tuc,2.153476615558414, 2
CON korean 175,2.1517843707133673, 1
CON japanese_moon_stations 18,2.142084772093147, 1
CON korean 261,2.1411355070080904, 1
CON western_rey DraF,2.1289323936979243, 1
CON ruelle Cap,2.1251983946819757, 1
CON romanian C3i,2.1246012233506306, 1
CON arabic_ancient 4207,2.1243477896642498, 1
CON hawaiian_starlines MEE,2.111061284462224, 4
CON indian N09,2.1095802963197965, 1
CON chinese 244,2.104924156837763, 1
#CON arabic_arabian_peninsula 300,2.102311031753191, 10
CON arabic_arabian_peninsula 2650,2.0989169050116003, 1
CON korean 176,2.0854295483465872, 2
CON chinese 007,2.0854295483465872, 1
CON ruelle Cam,2.080428771545481, 1
CON korean 208,2.0579947584434857, 2
CON romanian Cat,2.052280397630429, 1
CON korean 158,2.040934189052027, 2
CON korean 209,2.0338863402860197, 1
CON ruelle Mon,2.0304377261931226, 1
CON chinese 192,2.0204421375985806, 1
CON korean 066,2.0179812785100686, 1
CON japanese_moon_stations 10,2.0179812785100686, 1
CON egyptian 015,2.011460867122036, 1
CON korean 008,2.003116512408459, 2
CON chinese 241,2.0027392168996463, 1
CON ruelle Sct,2.0020929028422434, 1
CON korean 213,1.9921687187737993, 1
CON western_hlad Mus,1.9908093176189345, 1
CON korean 165,1.9854996418620363, 1
CON egyptian 028,1.9846776608044696, 1
CON chinese 154,1.9827359010911831, 1
CON western_SnT Sex,1.9825346144919025, 1
CON korean 184,1.9761990834604268, 1
CON egyptian 025,1.9682134158722544, 1
CON chinese 225,1.966855116646983, 1
CON korean 154,1.9610144744534321, 2
CON arabic_ancient 4499,1.9610144744534321, 1
CON western Oct,1.9541235690454242, 4
CON chinese 249,1.9431573369638775, 1
CON chinese 147,1.9427771815854376, 1
CON chinese 190,1.9420594175474108, 1
CON arabic_arabian_peninsula 3199,1.9355958717140926, 3
CON korean 151,1.935037553620585, 2
CON korean 081,1.929032022867509, 2
CON japanese_moon_stations 12,1.929032022867509, 1
CON egyptian 024,1.9250284764041607, 1
CON korean 024,1.9243901409343425, 1
CON tukano 010,1.908996178085459, 2
CON ruelle Gru,1.9037227134451689, 1
CON western Hyi,1.9015786391252105, 2
CON chinese 309,1.8849185073744954, 1
CON korean 257,1.8776623074239196, 1
CON western_hlad Ant,1.8724445598860129, 2
CON chinese 233,1.8683862989751923, 1
CON chinese 127,1.8677314692404419, 1
CON chinese 038,1.8614383296344617, 1
CON korean 140,1.8473121221514999, 1
CON korean 031,1.8296559443035212, 1
CON chinese 271,1.8296559443035212, 1
CON chinese 067,1.8155996537895975, 1
CON korean 018,1.8035011772340186, 2
CON japanese_moon_stations 03,1.8035011772340186, 1
CON chinese 088,1.7910021143304102, 1
CON western_hlad Nor,1.7882346527051607, 3
CON korean 113,1.7863547167142197, 1
CON western_rey Equ,1.7639551405959464, 2
CON indian N05,1.763896069548535, 1
CON arabic_arabian_peninsula 4201,1.763896069548535, 3
CON korean 172,1.763896069548535, 2
CON korean 084,1.7597611325340023, 1
CON western Scl,1.7556585661172799, 2
CON western_hlad Scl,1.7556585661172799, 1
CON korean 007,1.755610463053694, 2
CON chinese 051,1.7358708512136867, 1
CON chinese 053,1.735297198043281, 1
CON arabic_ancient 4399,1.715925346217173, 1
CON chinese 237,1.7155432924810645, 1
CON western_rey GSq,1.6904311208883092, 2
CON korean 260,1.6851961207163382, 1
CON korean 023,1.679248288839026, 1
CON korean 245,1.673131946914422, 1
CON western Ind,1.6713257409054514, 2
CON chinese 111,1.6705880786154197, 1
CON korean 230,1.6534504511983354, 1
CON western_SnT Tel,1.6488795106039136, 1
CON western Com,1.6127570068103063, 5
CON western_rey Com,1.6127570068103063, 1
CON western_SnT Com,1.6127570068103063, 1
CON korean 152,1.6111128242427706, 2
CON chinese 308,1.5981125788911605, 1
CON chinese 098,1.5819502335698226, 1
CON western Hor,1.5794984172059179, 2
CON egyptian 023,1.5561840987648756, 1
CON western Tri,1.55340104034358, 6
CON chinese 173,1.5493091284483296, 1
CON chinese 145,1.5231941743001431, 1
CON macedonian 003,1.495668095938396, 1
CON korean 015,1.4897180503679954, 1
CON chinese 191,1.4889781744321662, 1
CON korean 128,1.487028838714681, 1
CON korean 182,1.4843394191325965, 1
CON macedonian 013,1.483740072772287, 1
CON korean 076,1.4582777047573134, 1
CON korean 240,1.4467351511064885, 1
CON chinese 295,1.4442301933715551, 1
CON indian N16,1.4406687595916448, 1
CON mongolian 004,1.4324369760306532, 1
CON arabic_ancient 0899,1.4218403993366717, 1
CON korean 217,1.3984248023883983, 1
CON inuit 005,1.3912001843013495, 1
CON chinese 296,1.3795323683330265, 1
CON chinese 153,1.3448232089870458, 1
CON western_hlad Hyi,1.3128838613626332, 2
CON arabic_arabian_peninsula 2603,1.3014894049076575, 6
CON korean 160,1.3002446694131966, 1
CON chinese 256,1.2968585697089776, 1
CON chinese 261,1.285064349743268, 1
CON korean 180,1.265142559201073, 1
CON korean 135,1.2589337416106405, 1
CON egyptian 008,1.2404517766423433, 1
CON korean 101,1.2351289910907446, 1
CON korean 052,1.206706075093008, 3
CON korean 218,1.2024199324621785, 1
CON western Tra,1.2019442916212748, 5
CON indian N28,1.174745516349966, 1
CON korean 134,1.0402615228776042, 1
CON chinese 071,1.010812294669663, 1
CON chinese 074,0.9810395983042941, 1
CON chinese 180,0.919453256393158, 1
CON korean 127,0.836921357781825, 1
CON indian N02,0.7992230367612428, 2
CON chinese 034,0.7705715635797221, 1
CON chinese 273,0.7368831948610091, 1
CON chinese 117,0.7328141734269138, 1
CON korean 019,0.6782917258610651, 1
CON western_hlad Sex,0.44358989070716276, 1
CON korean 231,0.30332620708963165, 1
CON bugis 012,0.29905654537460497, 1
CON korean 132,0.28469766126142404, 1
CON chinese 306,0.2760763833820391, 1
CON arabic_ancient 2002,0.2616255556419678, 1
CON korean 133,0.23768600063325082, 1
CON macedonian 012,0.21792502153555499, 1
CON western Cir,0.1241278716795921, 5
