Constellation, Max Distance, Same Constellations Accross Cultures 
CON indian N04,0.0, 2
CON indian N06,0.0, 1
CON indian N10,0.0, 1
CON indian N12,0.0, 1
CON indian N14,0.0, 1
CON indian N15,0.0, 4
CON indian N24,0.0, 1
CON indian N27,0.0, 1
CON arabic_arabian_peninsula 2604,0.0, 3
CON arabic_arabian_peninsula 4213,0.0, 1
CON korean 004,0.0, 1
CON korean 013,0.0, 2
CON korean 017,0.0, 2
CON korean 021,0.0, 1
CON korean 025,0.0, 2
CON korean 030,0.0, 1
CON korean 035,0.0, 2
CON korean 036,0.0, 1
CON korean 042,0.0, 1
CON korean 049,0.0, 2
CON korean 087,0.0, 1
CON korean 092,0.0, 2
CON korean 093,0.0, 1
CON korean 100,0.0, 1
CON korean 102,0.0, 2
CON korean 104,0.0, 1
CON korean 107,0.0, 2
CON korean 115,0.0, 2
CON korean 123,0.0, 2
CON korean 125,0.0, 2
CON korean 126,0.0, 1
CON korean 137,0.0, 2
CON korean 155,0.0, 1
CON korean 156,0.0, 1
CON korean 157,0.0, 1
CON korean 163,0.0, 1
CON korean 168,0.0, 2
CON korean 169,0.0, 1
CON korean 174,0.0, 2
CON korean 177,0.0, 1
CON korean 196,0.0, 1
CON korean 204,0.0, 2
CON korean 205,0.0, 2
CON korean 206,0.0, 2
CON korean 210,0.0, 2
CON korean 220,0.0, 2
CON korean 222,0.0, 1
CON korean 223,0.0, 1
CON korean 225,0.0, 1
CON korean 226,0.0, 2
CON korean 227,0.0, 2
CON korean 234,0.0, 1
CON korean 239,0.0, 1
CON korean 242,0.0, 1
CON korean 243,0.0, 2
CON korean 253,0.0, 2
CON korean 254,0.0, 2
CON korean 267,0.0, 2
CON korean 268,0.0, 2
CON korean 269,0.0, 1
CON korean 270,0.0, 1
CON arabic_ancient 1599,0.0, 1
CON arabic_ancient 2001,0.0, 1
CON arabic_ancient 2499,0.0, 1
CON western_rey UMah,0.0, 1
CON western_rey Leoh,0.0, 1
CON western_rey Leot,0.0, 1
CON western_rey Boob,0.0, 1
CON western_rey Booh,0.0, 1
CON western_rey Boop,0.0, 1
CON western_rey Cygw1,0.0, 1
CON western_rey Cygw2,0.0, 1
CON western_rey Cygf,0.0, 1
CON western_rey Cygn,0.0, 1
CON western_rey Herc,0.0, 1
CON western_rey Herk,0.0, 1
CON western_rey Andc,0.0, 1
CON western_rey Pegh,0.0, 1
CON western_rey Pegt,0.0, 1
CON western_rey Pegw,0.0, 1
CON western_rey Arih,0.0, 1
CON western_rey Arit,0.0, 1
CON western_rey Tauh,0.0, 1
CON western_rey Tauc1,0.0, 1
CON western_rey Tauc2,0.0, 1
CON western_rey Taut,0.0, 1
CON western_rey Orib,0.0, 1
CON western_rey Oric,0.0, 1
CON western_rey Oris,0.0, 1
CON western_rey Hyah,0.0, 1
CON western_rey Ant,0.0, 1
CON western_rey Hyat,0.0, 1
CON western_rey Virh,0.0, 1
CON western_rey Virf,0.0, 1
CON western_rey Crvb,0.0, 1
CON western_rey Crvf,0.0, 1
CON western_rey Crvt,0.0, 1
CON western_rey SerHh,0.0, 1
CON western_rey Ophb,0.0, 1
CON western_rey Ophh,0.0, 1
CON western_rey Opha1,0.0, 1
CON western_rey Opha2,0.0, 1
CON western_rey Ophf1,0.0, 1
CON western_rey Ophf2,0.0, 1
CON western_rey Scoc,0.0, 1
CON western_rey Scot,0.0, 1
CON western_rey Scoe,0.0, 1
CON western_rey Aqlh,0.0, 1
CON western_rey Aqlw1,0.0, 1
CON western_rey Aqlw2,0.0, 1
CON western_rey Aqlt,0.0, 1
CON western_rey Sgrh,0.0, 1
CON western_rey Sgrb,0.0, 1
CON western_rey Sgrs,0.0, 1
CON western_rey Aqrh,0.0, 1
CON western_rey Aqra,0.0, 1
CON western_rey Aqrv,0.0, 1
CON western_rey PscN,0.0, 1
CON western_rey PscW,0.0, 1
CON western_rey Cett,0.0, 1
CON western_rey Scl,0.0, 1
CON western_rey Carh,0.0, 1
CON western_rey Pupt,0.0, 1
CON western_rey Volw1,0.0, 1
CON western_rey Volw2,0.0, 1
CON western_rey Colh,0.0, 1
CON western_rey Colt,0.0, 1
CON western_rey Colw,0.0, 1
CON western_rey Hor,0.0, 1
CON western_rey For,0.0, 1
CON western_rey Lupt,0.0, 1
CON western_rey Lupe,0.0, 1
CON western_rey Cenh,0.0, 1
CON western_rey Cena1,0.0, 1
CON western_rey Cena2,0.0, 1
CON western_rey Cenb,0.0, 1
CON western_rey Cenf,0.0, 1
CON western_rey Cenl,0.0, 1
CON western_rey Chae,0.0, 1
CON western_rey Mic,0.0, 1
CON western_rey Cae,0.0, 1
CON western_rey Men,0.0, 1
CON western_rey Sex,0.0, 1
CON sami 004,0.0, 2
CON sami 006,0.0, 2
CON sami 007,0.0, 1
CON sami 008,0.0, 1
CON sami 009,0.0, 1
CON sami 010,0.0, 1
CON belarusian 006,0.0, 1
CON belarusian 020,0.0, 1
CON arabic_al-sufi 05Boo04,0.0, 1
CON chinese 044,0.0, 1
CON chinese 048,0.0, 1
CON chinese 056,0.0, 1
CON chinese 061,0.0, 1
CON chinese 077,0.0, 1
CON chinese 104,0.0, 1
CON chinese 105,0.0, 1
CON chinese 107,0.0, 1
CON chinese 114,0.0, 1
CON chinese 115,0.0, 1
CON chinese 116,0.0, 1
CON chinese 126,0.0, 1
CON chinese 131,0.0, 1
CON chinese 144,0.0, 1
CON chinese 158,0.0, 1
CON chinese 168,0.0, 1
CON chinese 174,0.0, 1
CON chinese 185,0.0, 1
CON chinese 188,0.0, 1
CON chinese 203,0.0, 1
CON chinese 207,0.0, 1
CON chinese 218,0.0, 1
CON chinese 223,0.0, 1
CON chinese 227,0.0, 2
CON chinese 248,0.0, 1
CON chinese 250,0.0, 1
CON chinese 274,0.0, 1
CON chinese 276,0.0, 1
CON chinese 279,0.0, 1
CON chinese 280,0.0, 1
CON chinese 282,0.0, 1
CON chinese 289,0.0, 1
CON chinese 294,0.0, 1
CON chinese 310,0.0, 1
CON boorong Kts,0.0, 1
CON boorong Tch,0.0, 1
CON boorong Wrn,0.0, 1
CON boorong Wkr,0.0, 1
CON boorong Col,0.0, 1
CON korean 039,0.00168169265194912, 1
CON hawaiian_starlines MAK,0.0030873611694164373, 1
CON indian N03,0.006317323350732647, 1
CON japanese_moon_stations 18,0.006317323350732647, 1
CON sardinian 002,0.006317323350732647, 1
CON navajo 005,0.006317323350732647, 3
CON siberian DNe,0.006458362399897839, 1
CON tukano 006,0.0067443475525957855, 1
CON macedonian 002,0.0067443475525957855, 1
CON korean 124,0.0067443475525957855, 1
CON romanian Ccp,0.0067443475525957855, 1
CON belarusian 003,0.0067443475525957855, 1
CON chinese 015,0.0067443475525957855, 1
CON lokono 003,0.0067443475525957855, 1
CON boorong Lnk,0.007491560889287776, 1
CON indian N05,0.00961849543073759, 1
CON arabic_arabian_peninsula 4201,0.00961849543073759, 3
CON korean 172,0.00961849543073759, 2
CON arabic_ancient 2702,0.009827121974787727, 1
CON arabic_ancient 4203,0.010083183907743615, 1
CON tupi 006,0.010391882044956231, 1
CON arabic_arabian_peninsula 2906,0.010439532281116163, 4
CON aztec 002,0.011452928002926108, 1
CON chinese 198,0.012312109768262757, 1
CON western_SnT Mic,0.012801112192497244, 1
CON arabic_ancient 0601,0.013487734110645504, 1
CON chinese 034,0.013552411262588954, 1
CON egyptian 028,0.013701157086789482, 1
CON korean 255,0.014485051558540173, 1
CON boorong Ydk,0.014489096936194653, 1
CON chinese 169,0.014564631727440375, 1
CON korean 026,0.01608462229334144, 2
CON chinese 178,0.016477205444791237, 1
CON arabic_ancient 4099,0.016628652927385575, 2
CON korean 230,0.01768350106587696, 1
CON korean 070,0.01791179406203403, 2
CON korean 151,0.019130445747580486, 2
CON arabic_ancient 2501,0.019846864521417838, 2
CON arabic_ancient 0430,0.02018532040915495, 1
CON boorong Unu,0.02022261514948977, 1
CON korean 027,0.02028367070414096, 1
CON boorong Yur,0.020432058917749837, 1
CON korean 162,0.0208786939440364, 1
CON chinese 191,0.0208786939440364, 1
CON korean 244,0.02104114155517074, 2
CON korean 238,0.021679725699646192, 1
CON korean 224,0.021705633834874605, 1
CON indian N23,0.021720684487172015, 1
CON korean 029,0.022308867403136767, 1
CON chinese 229,0.02250306513783692, 1
CON korean 047,0.022664728796606567, 1
CON boorong Kul,0.022699959851813827, 1
CON chinese 079,0.022732435912180517, 1
CON arabic_ancient 3999,0.022762109239228695, 2
CON chinese 233,0.02280979613917271, 1
CON chinese 146,0.023038046159677927, 1
CON korean 066,0.02322914000059462, 1
CON japanese_moon_stations 10,0.02322914000059462, 1
CON chinese 017,0.02322914000059462, 1
CON macedonian 003,0.02366687612024478, 1
CON korean 089,0.02367594795129953, 1
CON chinese 086,0.024038289909463502, 1
CON macedonian 004,0.024190247052644102, 1
#CON arabic_arabian_peninsula 4202,0.024190247052644102, 15
CON siberian Kic,0.024190247052644102, 1
CON aztec 001,0.024190247052644102, 1
CON western_rey CrA,0.024491200154308664, 1
CON korean 063,0.0246093119857679, 2
CON arabic_ancient 2399,0.0246093119857679, 1
CON boorong Otc,0.025220170366660896, 1
CON arabic_ancient 1901,0.02548279502050101, 2
CON chinese 241,0.025894864690212238, 1
CON chinese 197,0.026024255559493684, 1
CON korean 241,0.026359907819220048, 1
CON chinese 313,0.02640255698936364, 1
CON indian N01,0.026816447564906365, 1
CON korean 262,0.026825701160269125, 1
CON chinese 152,0.027412435901757515, 1
CON tukano 003,0.027525235466071968, 1
CON macedonian 008,0.027710461725282638, 1
CON arabic_ancient 3799,0.027938207544089683, 2
CON arabic_ancient 1299,0.02798239551191369, 1
CON korean 119,0.02799907080684982, 2
CON korean 135,0.028541987767596515, 1
CON chinese 046,0.02857123537356751, 1
CON korean 203,0.028609764996973406, 1
CON korean 020,0.029338350799628172, 2
CON chinese 200,0.029566284933144303, 1
CON macedonian 009,0.02959324544732166, 1
CON chinese 309,0.029616747673638956, 1
CON korean 213,0.02963828937774174, 1
CON arabic_ancient 0420,0.02992911451240852, 1
CON chinese 095,0.030019505273423987, 1
CON chinese 216,0.030248820863543115, 1
CON chinese 037,0.030251046166223806, 1
CON chinese 098,0.030322893222544826, 1
CON boorong War,0.03051600647478543, 1
CON arabic_ancient 3599,0.03055357315548117, 2
CON tukano 004,0.031264343308421934, 1
CON korean 065,0.03139900103744778, 2
CON korean 272,0.03148887863811041, 1
CON chinese 073,0.03157769756606408, 1
CON korean 231,0.031619983464741507, 1
CON arabic_arabian_peninsula 2603,0.031853638743568065, 6
CON western Sge,0.03213932223072471, 2
CON korean 218,0.032161020930323775, 1
CON romanian Sec,0.032183529685362325, 1
CON anutan 004,0.03222458754046816, 1
CON korean 088,0.03238966851738984, 3
CON chinese 249,0.03244285087904264, 1
CON chinese 045,0.03249583253662439, 1
CON korean 209,0.03275561493995122, 1
CON chinese 285,0.03280021626984105, 1
CON chinese 247,0.03294788621829118, 1
CON korean 044,0.03302675171943029, 1
CON arabic_ancient 3003,0.03302675171943029, 3
CON korean 133,0.03335131216266128, 1
CON korean 207,0.033573122004204085, 1
CON korean 043,0.03359538183981642, 1
CON arabic_ancient 3699,0.033798911669932784, 2
CON indian N28,0.0338321636439758, 1
CON korean 052,0.0338321636439758, 3
CON korean 143,0.03390309145586158, 1
CON western_rey Del,0.03403857148624403, 1
CON arabic_al-sufi Del,0.03403857148624403, 1
CON boorong Cwr,0.03407384806626818, 1
CON korean 131,0.03415625569523069, 1
CON chinese 196,0.0343490000555454, 1
CON korean 007,0.03490742938231618, 2
CON korean 194,0.03517536285893818, 1
CON chinese 311,0.03520322787922914, 1
CON korean 059,0.035215368292280495, 1
CON arabic_arabian_peninsula 3199,0.03532746554113783, 3
CON chinese 058,0.03535272600328674, 1
CON arabic_arabian_peninsula 2803,0.03552023149748438, 3
CON indian N02,0.035579177604531304, 2
CON chinese 108,0.03570185730842609, 1
CON romanian Tau,0.03591008991572229, 2
CON sardinian 001,0.03591008991572229, 1
CON belarusian 007,0.03591008991572229, 1
CON western Lyr,0.035979486339708766, 5
CON arabic_al-sufi Lyr,0.035979486339708766, 1
CON western_SnT Lyr,0.035979486339708766, 1
CON inuit 001,0.03613948691792914, 1
CON korean 084,0.036485889064681344, 1
CON arabic_ancient 5899,0.03658064024603798, 1
CON korean 261,0.03662942619951032, 1
CON tukano 007,0.037024433396450784, 3
CON macedonian 017,0.037024433396450784, 1
CON maori 005,0.037024433396450784, 4
CON tupi 007,0.037024433396450784, 1
CON korean 178,0.037064154216993814, 1
CON lokono 007,0.03707718966610841, 1
CON arabic_ancient 2811,0.03714984778381939, 1
CON macedonian 011,0.03749778255966046, 1
CON korean 256,0.03773126108791026, 2
CON lokono 006,0.03779356255501867, 1
CON korean 072,0.03794027074100851, 1
CON korean 034,0.03825899797160859, 1
CON korean 221,0.03845786033860677, 1
CON chinese 298,0.038835486287266914, 1
CON chinese 221,0.039114405149989914, 1
CON arabic_arabian_peninsula 3499,0.0393624647720792, 3
CON korean 082,0.0393624647720792, 1
CON korean 006,0.0395949976919305, 1
CON korean 257,0.039647047536878026, 1
CON korean 067,0.039988856401283336, 1
CON indian N18,0.0399925646487578, 4
CON western_rey Lac,0.03999997782315718, 2
CON korean 228,0.04032527888861011, 1
CON chinese 268,0.04079689654676757, 1
CON chinese 075,0.04087733306486801, 1
CON korean 058,0.04099885419751219, 1
CON japanese_moon_stations 09,0.04099885419751219, 1
CON chinese 016,0.04099885419751219, 1
CON western Equ,0.04105146316810023, 4
CON korean 041,0.04106320126473056, 1
CON korean 199,0.04117503223239474, 1
CON korean 024,0.041188936109558046, 1
CON chinese 066,0.041188936109558046, 1
CON korean 208,0.04145977544568197, 2
CON chinese 295,0.041543424421867384, 1
CON chinese 312,0.04166934961519938, 1
CON ruelle Mus,0.04174955734451543, 1
CON chinese 127,0.04186290740253298, 1
CON chinese 275,0.04192045620833062, 1
CON arabic_ancient 3002,0.041978429467070144, 2
CON chinese 140,0.042007716040917416, 1
CON chinese 296,0.04214364561329259, 1
CON japanese_moon_stations 25,0.04233358728035738, 1
CON chinese 027,0.04233358728035738, 1
CON chinese 315,0.04258638630839876, 1
CON korean 142,0.04263891423475845, 1
CON korean 193,0.042681745356279145, 1
CON northern_andes 004,0.042952948406602076, 1
CON chinese 145,0.043124607708991444, 1
CON chinese 141,0.043361037958814706, 1
CON macedonian 014,0.043546984091521, 1
CON chinese 230,0.04356853866258564, 1
CON korean 134,0.04357169929861827, 1
CON blackfoot 004,0.043778632938860834, 2
CON chinese 272,0.04399631941584211, 1
CON chinese 137,0.044395285669183424, 1
CON chinese 225,0.04471002744089641, 1
CON korean 186,0.04517092759190796, 1
CON chinese 273,0.045438801455790094, 1
CON korean 050,0.04562007096840277, 1
CON western CrA,0.04562007096840277, 2
CON arabic_ancient 3004,0.04562007096840277, 1
CON chinese 085,0.045789941524818835, 1
CON chinese 281,0.04611719356401461, 1
CON korean 074,0.04620806259906146, 1
CON chinese 139,0.04639711864022155, 1
CON macedonian 010,0.04671197521831686, 1
CON boorong Bun,0.04681601413658154, 1
CON chinese 182,0.04695767178485549, 1
CON korean 008,0.04698258758393633, 2
CON arabic_ancient 4207,0.04699747768662168, 1
CON chinese 209,0.04703472696462411, 1
#CON indian N22,0.047192465821697664, 7
CON tukano 002,0.047192465821697664, 1
CON arabic_ancient 0999,0.04730182426186236, 1
CON korean 056,0.04748228025991666, 1
CON chinese 308,0.04748489422156132, 1
CON chinese 176,0.047524843840732287, 1
CON chinese 117,0.047533469239410264, 1
CON korean 054,0.047564943883639056, 1
CON chinese 316,0.047564943883639056, 1
CON korean 235,0.0476006039303797, 1
CON korean 138,0.04782236067536109, 1
CON arabic_ancient 4204,0.04782236067536109, 1
CON korean 132,0.047979589100194196, 1
CON arabic_arabian_peninsula 3399,0.04803708715100256, 3
CON korean 147,0.04806656983274796, 1
CON indian N09,0.04822260387230654, 1
CON chinese 102,0.04829257146043427, 1
CON chinese 201,0.048667744694074, 1
CON tongan 007,0.04918909377174952, 1
CON korean 068,0.04934074494712937, 1
CON ruelle CrB,0.049390309935357445, 1
CON chinese 101,0.049456313966179374, 1
CON arabic_ancient 4399,0.0494812488152055, 1
CON western_hlad Sge,0.049788292675463586, 3
CON ruelle Sge,0.049788292675463586, 1
CON arabic_al-sufi Sge,0.049788292675463586, 1
CON korean 233,0.04992546994018391, 1
CON western_hlad Men,0.05005326010186483, 1
CON korean 173,0.050123341578697814, 1
CON boorong Tot,0.05025324731214252, 1
CON navajo 007,0.05033276598309044, 1
CON ruelle Cap,0.05050094273205594, 1
CON korean 232,0.05050640878664679, 1
CON chinese 240,0.050687034120718406, 1
CON boorong Nln,0.05115553300539558, 1
CON korean 073,0.051377730614345175, 1
CON korean 240,0.05149689940459882, 1
CON chinese 246,0.05158098320894555, 1
CON korean 271,0.0515975240831169, 1
CON chinese 231,0.052141678248156464, 1
CON korean 140,0.05215469882504883, 1
CON japanese_moon_stations 26,0.052168159339991645, 1
CON korean 152,0.052287343781691864, 2
CON chinese 132,0.052316586263426626, 1
CON korean 077,0.05279003804502711, 1
CON western_hlad Pyx,0.05280131310744852, 1
CON chinese 195,0.05286874412018168, 1
CON egyptian 021,0.053230997520698785, 1
CON korean 139,0.05353551322219247, 1
CON chinese 236,0.05366151129462006, 1
CON korean 127,0.053914558429981156, 1
CON chinese 064,0.05391481030775435, 1
CON korean 266,0.05394084013118839, 1
#CON macedonian 016,0.05395817731250495, 10
CON arabic_ancient 1499,0.05395817731250495, 3
CON romanian Hra,0.05395817731250495, 1
CON indian N08,0.05428746394198869, 1
CON korean 176,0.05428746394198869, 2
CON western Tel,0.05440990046598557, 3
CON western_SnT Tel,0.05440990046598557, 1
CON korean 154,0.054484373475195934, 2
CON arabic_ancient 4499,0.054484373475195934, 1
CON boorong Wjl,0.054551015240501884, 1
CON korean 028,0.05463594847961875, 3
CON korean 144,0.05546188868082658, 1
CON arabic_arabian_peninsula 0100,0.05568599229666419, 4
CON korean 076,0.0557129938760251, 1
CON arabic_ancient 5199,0.05576152835062881, 1
CON boorong Won,0.05576717010923276, 1
CON chinese 142,0.05603013948929595, 1
CON mandar 005,0.05679781040064515, 1
CON korean 189,0.056980284195763065, 1
CON boorong Cwp,0.05698410069060337, 1
CON korean 217,0.05744232469542725, 1
CON korean 195,0.0574463210501171, 1
CON korean 175,0.057680260862114516, 1
CON western_rey Mus,0.05781788140899823, 1
CON western_SnT Mus,0.05781788140899823, 1
CON korean 114,0.05802274353861408, 1
CON chinese 007,0.05811957073146596, 1
CON korean 260,0.05812153081469821, 1
CON korean 040,0.05823931379615375, 2
CON arabic_ancient 3001,0.05823931379615375, 3
CON arabic_arabian_peninsula 4501,0.05872997997538914, 1
CON boorong Bbg,0.058972333823219224, 1
CON arabic_arabian_peninsula 3005,0.05916697559215032, 3
CON korean 148,0.05924594966703529, 1
CON arabic_ancient 4699,0.05924594966703529, 1
CON chinese 088,0.05948817622616506, 1
CON chinese 087,0.06030708589583779, 1
CON western Del,0.060338012721779806, 4
CON western_hlad Del,0.060338012721779806, 1
CON romanian Pmi,0.060338012721779806, 1
CON anutan 007,0.060338012721779806, 1
CON korean 211,0.060533241133952906, 1
CON chinese 119,0.06064703262795821, 1
CON korean 183,0.060696426626184845, 1
CON japanese_moon_stations 24,0.060696426626184845, 1
CON chinese 013,0.060696426626184845, 1
CON korean 014,0.061134833909799464, 2
CON arabic_ancient 1101,0.061134833909799464, 1
CON indian N17,0.06123789696343431, 4
CON western_rey Crv,0.061328359121558394, 1
CON chinese 012,0.06138227950421119, 1
CON korean 094,0.06143250694273295, 1
CON western Mic,0.061466080381529634, 2
CON chinese 049,0.061679781941521114, 1
CON korean 016,0.06182261989437812, 1
CON chinese 262,0.061894915600764606, 1
CON korean 180,0.06194158246798346, 1
CON chinese 175,0.06199884109351651, 1
CON boorong Wpl,0.0621141005740757, 1
CON korean 045,0.062132238086395015, 1
CON chinese 213,0.06254949272325735, 1
CON chinese 259,0.06283470848164525, 1
CON chinese 134,0.06328122342103096, 1
CON korean 150,0.06356986373761388, 1
CON chinese 069,0.06356986373761388, 1
CON chinese 143,0.06403694571615583, 1
CON western_hlad Vol,0.06456835462264533, 1
CON western_SnT Vol,0.06456835462264533, 1
CON western_hlad Mus,0.06465435859357377, 1
CON chinese 307,0.06466332245098604, 1
CON korean 005,0.06466472057944705, 2
CON chinese 267,0.06512413820145216, 1
CON korean 075,0.06513426041663148, 1
CON korean 048,0.06545177342139415, 1
CON chinese 226,0.06545177342139415, 1
CON indian N19,0.06545677152174977, 1
CON western_hlad Sco,0.06545677152174977, 1
CON tukano 009,0.06562887387279262, 1
CON korean 248,0.06572092239513384, 1
CON hawaiian_starlines MAN,0.06580490527346847, 1
CON korean 038,0.06580490527346847, 2
CON maori 004,0.06580490527346847, 1
CON western_rey Sco,0.06580490527346847, 1
CON arabic_al-sufi Sco,0.06580490527346847, 1
CON chinese 024,0.06580490527346847, 1
CON western_SnT Sco,0.06580490527346847, 1
CON tukano 001,0.06589186347266594, 1
CON western Ret,0.06601250417359827, 5
CON chinese 111,0.06669616992845376, 1
CON chinese 076,0.0669468706234841, 1
CON arabic_al-sufi CrA,0.06699786198855123, 1
CON chinese 043,0.06699786198855123, 1
CON chinese 251,0.06719729914481569, 1
CON chinese 090,0.06723334982043822, 1
CON chinese 306,0.06727858660609701, 1
CON chinese 190,0.06748065023866939, 1
CON japanese_moon_stations 15,0.06756197946924114, 1
CON chinese 219,0.0678722947207616, 1
CON lokono 012,0.06812985783716506, 1
CON korean 258,0.06816951862777722, 1
CON japanese_moon_stations 19,0.0682942805164088, 1
CON indian N21,0.06863736397133159, 1
CON arabic_arabian_peninsula 2602,0.06863862947532862, 3
CON korean 109,0.06863862947532862, 4
CON ruelle Lyr,0.06888252736907352, 1
CON chinese 220,0.06891490286956417, 1
CON belarusian 012,0.06898466515709706, 1
CON arabic_arabian_peninsula 4206,0.06900702646956103, 3
CON arabic_ancient 4205,0.06900702646956103, 1
CON chinese 120,0.06908780580044191, 1
CON korean 264,0.06933130796051228, 1
CON korean 171,0.06995848934967847, 1
CON korean 060,0.07011074106545875, 1
CON chinese 302,0.07014861095656104, 1
CON korean 122,0.07040802957385735, 2
CON chinese 318,0.07098264372252544, 1
CON ruelle Ret,0.07126067250183987, 1
CON ruelle Sco,0.071310785405914, 1
CON korean 113,0.07131170796866522, 1
CON korean 105,0.07133951315583324, 1
CON western_hlad Nor,0.07146011738005359, 3
CON chinese 154,0.071602562676114, 1
CON arabic_ancient 0799,0.07186039587890625, 2
CON western_rey DraH,0.07186039587890625, 1
CON western_rey DraF,0.07186485690631765, 1
CON chinese 257,0.0718902349546566, 1
CON chinese 038,0.07211964755622952, 1
CON korean 128,0.07215551044390134, 1
CON chinese 254,0.07238381032150698, 1
CON northern_andes 001,0.07244984701549192, 1
CON chinese 080,0.07260199110998114, 1
CON korean 136,0.07268435224698215, 1
CON arabic_ancient 2003,0.07281764568527459, 1
CON chinese 167,0.07286521452388141, 1
CON arabic_ancient 2006,0.07301256110733019, 1
CON korean 037,0.07344035626588362, 1
CON arabic_ancient 1902,0.07351813125516718, 2
CON western Per,0.07373894712964005, 3
CON korean 188,0.0740197175730609, 1
CON tukano 010,0.07404476797623596, 2
CON bugis 001,0.07404476797623596, 1
CON arabic_arabian_peninsula 3099,0.07444849372817651, 3
CON western_hlad Equ,0.07470105410252843, 1
CON korean 259,0.07470113432958096, 1
CON korean 191,0.07482834931146586, 1
CON romanian Bar,0.0748832837826495, 1
#CON arabic_arabian_peninsula 2801,0.07503536702942164, 11
CON korean 165,0.07503536702942164, 1
CON chinese 149,0.07503536702942164, 1
CON chinese 147,0.07530394247585838, 1
CON korean 108,0.07559697207660641, 1
CON korean 265,0.07567669260278419, 1
CON arabic_arabian_peninsula 2810,0.07581052852528865, 3
CON bugis 003,0.07582429864599588, 1
CON chinese 181,0.0759747351891614, 1
CON chinese 212,0.07601912181068929, 1
CON arabic_al-sufi Ori,0.07603505460646838, 1
CON korean 179,0.07605695520941892, 1
CON korean 080,0.0762854184530592, 2
CON korean 170,0.07685792278322681, 1
CON korean 053,0.07691339884733525, 1
CON hawaiian_starlines NAK,0.07715737512975376, 5
CON korean 023,0.07715737512975376, 1
CON anutan 011,0.07715737512975376, 1
CON western_rey Aps,0.07761875497819948, 1
CON korean 249,0.07777226667731517, 1
CON chinese 165,0.07777226667731517, 1
CON lokono 011,0.07777226667731517, 1
CON western Dor,0.07778309788994706, 2
CON western_hlad Dor,0.07778309788994706, 1
CON chinese 113,0.07778309788994706, 1
CON chinese 067,0.07862604948153248, 1
#CON indian N07,0.07865090315870252, 7
CON korean 158,0.07865090315870252, 2
CON chinese 192,0.07909169643617257, 1
CON anutan 001,0.07915842760846212, 1
CON chinese 287,0.07929206781408032, 1
CON chinese 186,0.07940235522484262, 1
CON western Nor,0.07991548646376527, 2
CON ruelle Sct,0.08008000716498911, 1
CON egyptian 008,0.08020573847843958, 1
CON indian N20,0.08038421693374591, 1
CON romanian Arc,0.08038421693374591, 1
CON korean 098,0.08104097274338898, 1
CON chinese 256,0.08105547648051865, 1
CON korean 182,0.08109369597862476, 1
CON romanian Sco,0.08114007488671736, 1
CON chinese 136,0.08116870733720274, 1
CON arabic_ancient 0501,0.08131274815204963, 1
#CON western UMi,0.08147927251909814, 9
CON arabic_al-sufi UMi,0.08147927251909814, 1
CON chinese 129,0.08154813557530904, 1
CON chinese 252,0.08175043384584758, 1
CON korean 164,0.0818156668119132, 1
CON chinese 242,0.08230456029568461, 1
CON chinese 224,0.08233147197859568, 1
CON western Cae,0.08251179345034386, 2
CON korean 079,0.08255022638266385, 1
CON chinese 055,0.08255022638266385, 1
CON ruelle Ser,0.08259028896666697, 1
CON chinese 263,0.0829417539494925, 1
CON northern_andes 005,0.0829417539494925, 1
CON western Vol,0.0831328714272492, 2
CON western_rey Vol,0.0831328714272492, 1
CON korean 103,0.08321196687529099, 1
CON western_rey Equ,0.08327427522599225, 2
CON western_rey Lyr,0.08359672195039301, 1
CON korean 145,0.08367950629376954, 1
CON chinese 253,0.08367950629376954, 1
CON western_hlad Cae,0.083738369139113, 2
CON romanian Prb,0.08375050549862328, 1
CON chinese 070,0.08376465854794268, 1
CON ruelle Cas,0.08377104892803404, 1
CON arabic_arabian_peninsula 2805,0.08381242671507184, 3
CON sardinian 007,0.08381242671507184, 1
CON arabic_arabian_peninsula 3299,0.08384184046677026, 3
CON arabic_al-sufi Lib,0.0839669158414682, 1
CON egyptian 015,0.08396796687605587, 1
CON chinese 157,0.08402690876917057, 1
CON korean 010,0.08453452892031404, 3
CON chinese 193,0.08456496037258367, 1
CON western_rey PsA,0.08468787149611644, 2
CON chinese 255,0.08514111038096812, 1
CON western_SnT CMa,0.08538181978193636, 1
CON chinese 277,0.08555500719488897, 1
CON ruelle PsA,0.08565655731466498, 1
CON arabic_al-sufi PsA,0.08565655731466498, 1
CON western_rey Ari,0.08567834034234838, 1
CON arabic_al-sufi Ari,0.08567834034234838, 1
CON western_hlad PsA,0.0857463802042277, 1
CON macedonian 019,0.08580314016485605, 1
#CON arabic_arabian_peninsula 300,0.08580314016485605, 10
CON inuit 005,0.08580314016485605, 1
CON inuit 010,0.08580314016485605, 1
CON chinese 089,0.08580670444328295, 1
CON chinese 292,0.08633338848931213, 1
CON korean 069,0.08636813250958364, 1
CON chinese 237,0.08643118190771007, 1
CON chinese 199,0.08665706964535884, 1
CON korean 097,0.08671109920962382, 2
CON arabic_ancient 4199,0.08671109920962382, 1
CON arabic_al-sufi Psc,0.08671109920962382, 1
CON chinese 206,0.08672744617749004, 1
CON chinese 068,0.08675418512123778, 1
CON chinese 265,0.08686787429900035, 1
CON korean 237,0.08723558056441649, 1
CON chinese 083,0.08723558056441649, 1
CON western_rey Dor,0.0872741903132661, 2
CON western Aps,0.08743134738330416, 2
CON western_hlad Aps,0.08743134738330416, 2
CON inuit 007,0.08777398584646583, 1
CON korean 057,0.0881366612305091, 1
CON western_rey Aql,0.0881366612305091, 1
CON chinese 297,0.0884007657894338, 1
CON western_hlad Gru,0.08848985221098862, 1
CON western_SnT Gru,0.08848985221098862, 1
CON korean 096,0.08870753112224423, 1
CON indian N11,0.08891353036261632, 4
CON romanian C3i,0.08913579028502, 1
CON korean 111,0.08940385259283129, 1
CON chinese 125,0.08992459476665429, 1
CON western_hlad Lup,0.09004434531474229, 1
CON ruelle Lup,0.09004434531474229, 1
CON western PsA,0.09005953480628541, 2
CON arabic_ancient 6099,0.09005953480628541, 1
CON korean 099,0.09022444625435935, 1
CON arabic_al-sufi Cas,0.09022444625435935, 1
CON western_hlad Cap,0.09022970039909697, 1
CON western_rey Cap,0.09056622386891296, 1
CON ruelle Phe,0.09076433678216983, 1
CON chinese 103,0.09076433678216983, 1
CON chinese 148,0.09080388682170783, 1
CON korean 001,0.0908906837755663, 1
CON korean 161,0.09105577773597091, 2
CON japanese_moon_stations 22,0.09105577773597091, 1
CON chinese 036,0.09117971560835163, 1
CON korean 146,0.09128566311387401, 1
CON korean 200,0.0913263821275617, 1
CON western_hlad CVn,0.09151503388101452, 1
CON western CVn,0.09153384559004742, 5
CON ruelle Cer,0.09189111195554928, 1
CON chinese 030,0.0919834692952916, 1
CON korean 120,0.09228021775138756, 1
CON western Crt,0.0927076257381317, 3
CON ruelle Crt,0.0927076257381317, 1
CON western_SnT Crt,0.0927076257381317, 1
CON korean 064,0.09274493328898104, 1
CON chinese 286,0.09325851317186024, 1
CON chinese 081,0.09340622087700427, 1
CON western_rey UMaP,0.0937980457813709, 2
CON chinese 261,0.09380771805201145, 1
CON korean 159,0.09382364004855034, 1
CON chinese 269,0.09382364004855034, 1
CON chinese 244,0.09403201741492033, 1
CON arabic_al-sufi Dra,0.09467413690824525, 1
CON korean 046,0.09507480054099898, 2
CON western_hlad Sgr,0.09507480054099898, 1
CON ruelle Sgr,0.09507480054099898, 1
CON western_SnT Sgr,0.09507480054099898, 1
CON romanian Tdz,0.09512136446833779, 1
CON chinese 171,0.0953475187243041, 1
CON ruelle Gem,0.09535077516405904, 1
CON western_hlad CrA,0.0957537171672147, 1
CON arabic_ancient 4999,0.09593916623539245, 1
CON chinese 029,0.0959810818413139, 1
CON western_hlad CMa,0.09600251318372065, 1
CON egyptian 024,0.09600251318372065, 1
CON korean 229,0.09607667807321937, 2
CON arabic_ancient 5999,0.09637796381694798, 1
CON western Lep,0.09663219359132673, 2
CON western_hlad Lep,0.09663219359132673, 1
CON ruelle Lep,0.09663219359132673, 1
CON western_rey Lep,0.09663219359132673, 2
CON arabic_al-sufi Lep,0.09663219359132673, 1
CON aztec 004,0.09681387375414731, 1
CON chinese 062,0.09733389202913754, 1
CON arabic_al-sufi SFB,0.09753714858873293, 1
CON tukano 005,0.09754674084722785, 1
CON western Ara,0.0976233590662257, 2
CON western_rey Ara,0.0976233590662257, 1
CON western Sex,0.09764138052093509, 2
CON korean 141,0.09767226149802062, 1
CON chinese 001,0.09767226149802062, 1
CON chinese 173,0.09792701380316769, 1
#CON indian N13,0.09837136121241255, 2
CON hawaiian_starlines MEE,0.09837136121241255, 4
CON korean 192,0.09837136121241255, 3
CON chinese 097,0.09842822831467826, 1
CON egyptian 025,0.09884682433400704, 1
CON ruelle Vul,0.09890689303171418, 1
CON western_SnT Vul,0.09890689303171418, 1
CON western Pyx,0.09907690425553793, 2
CON western_hlad Ara,0.10017510160510949, 1
CON mandar 002,0.10017510160510949, 1
CON chinese 054,0.10017510160510949, 1
CON western_SnT Ara,0.10017510160510949, 1
CON arabic_al-sufi Ara,0.10069286536435187, 1
CON chinese 072,0.10069370859949882, 1
CON chinese 258,0.10118413600259309, 1
CON korean 181,0.10129178604352256, 1
CON arabic_ancient 6299,0.10152588049676872, 1
CON arabic_al-sufi SHr,0.10175392326871133, 1
CON japanese_moon_stations 27,0.1023093611560627, 1
CON arabic_al-sufi Crt,0.1023093611560627, 1
CON anutan 010,0.10240646272256844, 1
CON arabic_ancient 5699,0.10257427325769589, 2
CON korean 247,0.10260803990806609, 1
CON korean 121,0.10298296050282972, 1
CON arabic_al-sufi Per,0.10298296050282972, 1
CON western Hya,0.10301775241412749, 2
CON chinese 156,0.10310126773583418, 1
CON korean 033,0.10320456108933741, 1
CON chinese 052,0.10369452958252004, 1
CON arabic_ancient 1502,0.10379759112610083, 1
CON chinese 153,0.10382241859437089, 1
CON arabic_al-sufi Leo,0.10395141632736701, 1
CON chinese 094,0.10400561104900241, 1
CON western Mus,0.10417709641678304, 2
CON western_SnT Men,0.10425923511031755, 1
CON ruelle Cam,0.10457714435874761, 1
CON ruelle Ara,0.10458249087458817, 1
CON western_hlad Crt,0.10478896630731369, 1
CON korean 129,0.10481344144950312, 1
CON western For,0.10481344144950312, 2
CON hawaiian_starlines HAN,0.10495044235380657, 10
#CON ruelle Cru,0.10495044235380657, 1
CON western Lac,0.10544414183014526, 2
CON western_hlad Lac,0.10544414183014526, 1
CON western Lup,0.10569560703559613, 2
CON chinese 051,0.10569560703559613, 1
CON chinese 118,0.1058308450823828, 1
CON ruelle Crv,0.10605412326510519, 2
CON korean 110,0.10635928457997061, 1
CON korean 212,0.10664379874802862, 1
CON korean 106,0.10684917154104667, 1
CON romanian Vca,0.10708911818696518, 1
CON korean 216,0.1076057757650657, 1
CON chinese 208,0.1076057757650657, 1
CON western_rey SerCp,0.10777290361268994, 1
CON korean 245,0.10843479265457984, 1
CON arabic_ancient 1099,0.10882810128184098, 1
CON korean 090,0.10898472261000273, 1
CON chinese 135,0.10898472261000273, 1
CON western Sct,0.10902749243692879, 2
CON romanian Ber,0.10964501193413093, 1
CON ruelle Lib,0.11013961572661461, 1
CON arabic_ancient 2703,0.1109245577979793, 1
CON arabic_ancient 2799,0.1109245577979793, 1
CON chinese 301,0.11121324770028437, 1
CON western_rey Sct,0.1112446337815303, 2
CON arabic_ancient 4799,0.11124879547730004, 1
CON western Men,0.11139930995700119, 2
CON korean 019,0.11174590527157158, 1
CON korean 078,0.1118323857618817, 1
CON korean 153,0.11191315340067624, 2
CON western Tri,0.11220221650335357, 6
CON arabic_ancient 2601,0.11220221650335357, 1
CON chinese 180,0.11246694021079036, 1
CON chinese 284,0.11281542476901014, 1
CON chinese 172,0.11305700813476248, 1
CON egyptian 020,0.11317720749392338, 1
CON western_hlad Sct,0.11329937724188752, 1
CON korean 101,0.11338323572982235, 1
CON arabic_ancient 0699,0.1133855198358918, 2
CON boorong Pur,0.11437044498211149, 1
CON korean 083,0.11445000229505507, 1
CON western Gru,0.11450535925318354, 3
CON chinese 057,0.11513632715894746, 1
CON arabic_ancient 1903,0.11575003807486321, 2
CON korean 236,0.11593644938502605, 2
CON arabic_ancient 0299,0.11593644938502605, 2
CON arabic_al-sufi Cap,0.11599139057776169, 1
CON western_rey Sgr,0.1160601132474643, 1
CON arabic_ancient 0899,0.11628924512440594, 1
CON tukano 011,0.11652060643821675, 6
#CON macedonian 001,0.11652060643821675, 11
CON blackfoot 001,0.11652060643821675, 1
CON bugis 005,0.11652060643821675, 1
CON western Sgr,0.11655569044987936, 2
CON bugis 012,0.11674259101600505, 1
CON korean 085,0.11704988862989137, 1
CON arabic_arabian_peninsula 2550,0.11708181486501816, 3
CON arabic_al-sufi Tri,0.11708181486501816, 1
CON western_rey Ind,0.11711773623565415, 1
CON western_SnT Ind,0.11711773623565415, 1
CON tukano 008,0.1173326461622195, 1
CON western_hlad Mic,0.11779736629465155, 1
CON arabic_al-sufi CMa,0.1180503085241718, 1
CON western_SnT CrA,0.11830285766635827, 1
CON western_SnT Lup,0.11857195990343926, 1
CON ruelle Col,0.1190273526725641, 1
CON western LMi,0.11915289908437642, 2
CON western_hlad LMi,0.11915289908437642, 1
CON western_rey LMi,0.11915289908437642, 2
CON mandar 003,0.11923712869015125, 1
CON korean 202,0.11932835374275488, 2
CON northern_andes 002,0.11956221648650461, 1
CON arabic_arabian_peninsula 2650,0.12007257637725884, 1
CON korean 061,0.1202286589470094, 1
CON chinese 050,0.12026703203280524, 1
CON chinese 184,0.12038776024760152, 1
CON western_rey And,0.1209273744288283, 1
CON korean 160,0.12098416675275353, 1
CON chinese 091,0.12110256878492001, 1
CON bugis 002,0.12116505255930833, 1
CON korean 015,0.12117414502733521, 1
CON arabic_al-sufi Crv,0.12152572366923016, 1
CON chinese 031,0.12152572366923016, 1
CON western_hlad Tel,0.12209475803525732, 1
CON korean 185,0.1221087379868896, 1
CON chinese 278,0.1221087379868896, 1
CON western_SnT Eri,0.12243953943018275, 1
CON arabic_al-sufi Oph,0.12264421085528075, 1
CON romanian Gem,0.12274777532679686, 1
CON korean 018,0.12305086046101166, 2
CON japanese_moon_stations 03,0.12305086046101166, 1
CON western Psc,0.12320220877357017, 1
CON chinese_contemporary Psc,0.12320220877357017, 1
CON western_hlad Psc,0.12320220877357017, 1
CON western_rey Psc,0.12320220877357017, 1
CON romanian Psc,0.12320220877357017, 1
CON western_SnT Psc,0.12320220877357017, 1
CON arabic_al-sufi Cyg,0.12331868751349254, 1
CON western_hlad Phe,0.12381137685230048, 1
CON western_SnT Phe,0.12381137685230048, 1
CON chinese 074,0.12390935163865495, 1
CON ruelle UMa,0.12391456828583947, 1
CON korean 011,0.12439095153415365, 1
CON macedonian 015,0.1250296089229508, 1
CON korean 002,0.12547422421019594, 2
CON mandar 001,0.1258891685077884, 1
CON western Col,0.1260306935066104, 2
CON western_hlad Col,0.1260306935066104, 2
CON western_rey Col,0.1260306935066104, 1
CON boorong Krk,0.12724817500965688, 1
CON tupi 004,0.1275363668584938, 1
CON western Cha,0.12799397563097079, 2
CON western_rey Cha,0.12799397563097079, 1
CON western_SnT Cha,0.12799397563097079, 1
CON ruelle Leo,0.1282128444828376, 1
CON arabic_al-sufi Aqr,0.12898393922963253, 1
CON western_hlad Cha,0.1291486302266029, 1
CON western Cir,0.1293229466910008, 5
CON egyptian 009,0.12935479706252703, 1
CON korean 081,0.12939743279956328, 2
CON japanese_moon_stations 12,0.12939743279956328, 1
CON western Vel,0.1298792157896425, 2
CON korean 252,0.1309330571360928, 2
CON chinese 214,0.13119649708957995, 1
CON aztec 003,0.13123873198574257, 1
CON egyptian 006,0.13142012985398474, 1
CON navajo 008,0.13143099227998684, 1
CON inuit 002,0.13143099227998684, 1
CON chinese 270,0.13196834320609488, 1
CON ruelle Boo,0.13221982463203255, 1
CON inuit 004,0.13225832722094072, 1
CON western Ant,0.13289354160468467, 2
CON chinese 235,0.13319518912453243, 1
CON chinese 228,0.13328623428067485, 1
CON arabic_al-sufi And,0.1333032705519412, 1
CON arabic_al-sufi Vir,0.13435585110833403, 1
CON western_hlad Pup,0.13443617157536722, 1
CON arabic_arabian_peninsula 2808,0.13499984648155386, 3
CON western Tra,0.1351146889402374, 5
CON western_rey TrA,0.1351146889402374, 2
CON korean 130,0.13545266739161654, 2
CON western Aur,0.13545266739161654, 4
CON anutan 009,0.1354669107084733, 1
CON korean 184,0.1355911629508485, 1
CON western_hlad Tuc,0.1358118834858483, 2
CON ruelle Tuc,0.1358118834858483, 1
CON western_rey Tuc,0.1358118834858483, 1
CON chinese 035,0.1359171660941838, 1
CON arabic_al-sufi Lup,0.13612723238140975, 1
CON ruelle Cnc,0.13631307622814007, 1
CON chinese 109,0.136860455673521, 1
CON korean 198,0.13720095749276953, 1
CON ruelle Com,0.13720095749276953, 1
CON chinese 033,0.13720713275016014, 1
CON korean 116,0.13756519935906397, 1
CON western Vul,0.1377478264763706, 3
CON korean 062,0.13777285385006477, 1
CON chinese 232,0.13777285385006477, 1
CON western_rey Lup,0.13798763880577192, 1
CON ruelle Aql2,0.1381392173560581, 1
CON western_rey Ori,0.13823551702476686, 1
CON western_SnT Ori,0.13823551702476686, 1
CON arabic_ancient 4599,0.1383770127661266, 1
CON western_hlad Aqr,0.13866208722504184, 1
CON macedonian 013,0.13900601896221, 1
CON arabic_al-sufi Aur,0.13935800912597002, 1
CON chinese 053,0.14016224684606843, 1
CON korean 012,0.14020710867726674, 1
CON arabic_ancient 1001,0.14025887471748721, 1
CON western_hlad Vul,0.14130149346986262, 1
CON egyptian 013,0.14162030030239922, 1
CON ruelle Per,0.14244152246364522, 1
CON tupi 001,0.14251408548572836, 1
CON korean 251,0.14272877065968362, 1
CON western_SnT Cap,0.14284146882327503, 1
CON western_rey Boo,0.142936229497749, 1
CON western_hlad Cam,0.14295690262210903, 1
CON western_rey Cam,0.14295690262210903, 1
CON western_SnT Cam,0.14295690262210903, 1
CON arabic_ancient 2002,0.14333707308346796, 1
CON arabic_ancient 2004,0.1435811567101994, 1
CON book-of-the-stars-almagest SFA,0.14382068208704557, 1
CON ruelle Aqr,0.14409637598871694, 1
CON arabic_ancient 1399,0.1449043192796581, 1
CON arabic_ancient 2005,0.14500032279612585, 1
CON western_hlad Gem,0.14505297559355626, 1
CON macedonian 005,0.14545147615329357, 1
CON arabic_arabian_peninsula 4299,0.14545147615329357, 1
CON hawaiian_starlines KHK,0.14545147615329357, 1
CON western Ori,0.14545147615329357, 2
CON arabic_ancient 4299,0.14545147615329357, 2
CON western_hlad Ori,0.14545147615329357, 1
CON ruelle Ori,0.14545147615329357, 1
CON romanian Rar,0.14545147615329357, 1
CON sardinian 004,0.14545147615329357, 2
CON western_rey Cyg,0.1465112544819695, 1
CON western CMa,0.14666876269620718, 1
CON chinese_contemporary CMa,0.14666876269620718, 1
CON ruelle CMa,0.14666876269620718, 1
CON western_rey CMa,0.14666876269620718, 1
CON romanian Cma,0.14666876269620718, 1
CON western_SnT Aql,0.14683247576233457, 1
CON hawaiian_starlines KAO,0.1475198137858951, 1
CON western Leo,0.1475198137858951, 2
CON western_SnT Leo,0.1475198137858951, 1
CON boorong Tbg,0.14754830769637825, 1
CON chinese 163,0.14777964600858326, 1
CON chinese 215,0.14841521045871522, 1
CON korean 201,0.1485900224876968, 2
CON western_rey Cnc,0.14882100062481587, 1
CON western Phe,0.14896276892794993, 2
CON western_rey Phe,0.14896276892794993, 1
CON egyptian 007,0.1493677637069511, 1
CON western_rey Pyx,0.15030052432526866, 2
CON korean 190,0.150337219800581, 1
CON western Sco,0.1503719724765976, 3
CON western_SnT Sex,0.15072682252998137, 1
CON arabic_al-sufi Cet,0.15144968145959092, 1
CON western Gem,0.15231434577431505, 4
CON western_rey Gem,0.15231434577431505, 1
CON arabic_al-sufi Gem,0.15231434577431505, 1
CON chinese 130,0.152680059238007, 1
CON western Cen,0.1528329227379567, 2
CON western_rey Cas,0.1534189867247083, 1
CON romanian Sfm,0.15426810007519232, 1
CON bugis 008,0.15426810007519232, 1
CON arabic_al-sufi Her,0.15455747615691914, 1
CON western Cyg,0.15648504252685502, 3
CON romanian Pma,0.15648504252685502, 1
CON sardinian 009,0.15648504252685502, 1
CON korean 215,0.15675225183570107, 1
CON arabic_ancient 2299,0.15675225183570107, 1
CON western_SnT Cen,0.15700691133248662, 1
CON japanese_moon_stations 21,0.1574547094356546, 1
CON western Boo,0.1583551209509202, 3
CON western_SnT Boo,0.1583551209509202, 1
CON egyptian 027,0.1586648408849059, 1
CON western Ind,0.15909778429446927, 2
CON western_hlad Ind,0.15909778429446927, 1
CON arabic_ancient 1999,0.1594087753817155, 2
CON arabic_al-sufi Eri,0.16015707898646134, 1
CON western_rey CruF,0.16057096040637855, 2
CON western_hlad Vel,0.16059166016119875, 2
CON western_rey Vel,0.16059166016119875, 1
CON arabic_arabian_peninsula 2901,0.16080317521138948, 3
CON egyptian 017,0.16091983042080482, 1
CON western_hlad Cen,0.16158129488140066, 1
CON chinese_contemporary Her,0.1622678967387673, 1
CON romanian Omu,0.1622678967387673, 1
CON western Aql,0.16284936134171565, 2
CON western_rey Aur,0.1629709404055964, 1
CON western_SnT Aur,0.1629709404055964, 1
CON western_hlad Per,0.16305500862836023, 1
CON arabic_ancient 5399,0.16339270689179858, 1
CON western Eri,0.16398378049010628, 2
CON arabic_ancient 1899,0.16405204456110667, 1
CON western Pic,0.1646427986486171, 4
CON western_rey Pic,0.1646427986486171, 1
CON western_hlad Mon,0.16489283212801092, 1
CON western_rey Mon,0.16489283212801092, 1
CON western_SnT Mon,0.16489283212801092, 1
CON boorong Djt,0.1650372006910754, 1
CON macedonian 006,0.16557288738816472, 1
CON arabic_al-sufi Aql,0.1670765766364123, 1
CON arabic_ancient 5599,0.16785331958482685, 2
CON western UMa,0.16790029655889604, 3
CON western_hlad UMa,0.16790029655889604, 1
CON arabic_al-sufi Can,0.1680955352565734, 1
CON western Pav,0.1684870500990112, 3
CON ruelle Pav,0.1684870500990112, 1
CON western_SnT Pav,0.1684870500990112, 1
CON western Pup,0.16885776837554614, 2
CON western Oph,0.1689955172004649, 2
CON western Cam,0.16909206040850933, 2
CON western_hlad Pav,0.16996116460215038, 1
CON western Lib,0.17000088813302283, 2
CON western_rey Lib,0.17000088813302283, 2
CON romanian Cat,0.17000088813302283, 1
CON western_rey Pup,0.1705924687173809, 1
CON western_SnT Pup,0.1705924687173809, 1
CON western_rey Per,0.1715157526167257, 1
CON western_SnT Per,0.1715157526167257, 1
CON arabic_ancient 0499,0.17239697377659113, 1
CON ruelle Cet,0.17242178506161793, 1
CON egyptian 014,0.17310482282069609, 1
CON western_SnT Com,0.17310482282069609, 1
CON chinese 022,0.1731796565065192, 1
CON ruelle Gru,0.1736993767317602, 1
CON arabic_ancient 4899,0.17393298223155257, 1
CON korean 149,0.1748291802849553, 2
CON romanian Var,0.1750043880936752, 1
CON arabic_ancient 2699,0.17510956325771374, 1
CON tupi 003,0.17550099960372148, 1
CON western_hlad For,0.1755502546057062, 2
CON western_hlad Oph,0.17568235336327484, 1
CON western Lyn,0.17751020395494232, 3
CON western_rey Lyn,0.17751020395494232, 1
CON arabic_ancient 1199,0.17773332081525745, 1
CON western Tuc,0.17799640805125444, 2
CON korean 187,0.17808570973020674, 1
CON tupi 002,0.17848270971161923, 1
CON western_hlad Leo,0.17864174438208263, 2
CON egyptian 003,0.17864174438208263, 1
CON ruelle Lac,0.17910731268938299, 1
CON western Dra,0.17945598267899127, 4
CON western_hlad Dra,0.17945598267899127, 1
CON ruelle Dra,0.17945598267899127, 1
CON western_rey Dra,0.17945598267899127, 2
CON western_rey DraT,0.17945598267899127, 1
CON macedonian 012,0.17986503573500548, 1
CON egyptian 011,0.17996674572487112, 1
CON western Com,0.18074728425481848, 5
CON western_rey Com,0.18074728425481848, 1
CON western Ari,0.18125677043681696, 4
CON anutan 005,0.18125677043681696, 1
CON sami 002,0.18212056858601072, 1
CON western_rey Her,0.18238210312248523, 1
CON western_SnT Her,0.18238210312248523, 1
CON indian N16,0.18278417161036792, 1
CON western_rey Oph,0.18377541946618817, 1
CON ruelle Vir,0.18416630248926324, 1
CON arabic_ancient 6199,0.1858617835943971, 1
CON ruelle Dor,0.1864803135332895, 1
CON ruelle Aur,0.18677078678127831, 1
CON arabic_al-sufi Arg,0.1868226032477033, 1
CON korean 003,0.1889424761833474, 1
CON japanese_moon_stations 01,0.1889424761833474, 2
CON romanian Vir,0.1889424761833474, 1
CON western_hlad Cet,0.18990286414936502, 1
CON romanian Chi,0.18990286414936502, 1
CON western_SnT Cet,0.18990286414936502, 1
CON arabic_al-sufi Cen,0.19042610529811035, 1
CON chinese 151,0.19042610529811035, 1
CON korean 246,0.19044584344458718, 1
CON egyptian 010,0.19303047840214613, 1
CON romanian Cap,0.1932214471349831, 1
CON chinese 071,0.19357919488090997, 1
CON western_hlad Aur,0.19359380149394223, 1
CON western Vir,0.19462623696783707, 2
CON western_rey Vir,0.19462623696783707, 1
CON western_SnT Vir,0.19462623696783707, 1
CON western Cep,0.19465504672763081, 2
CON western_hlad Cep,0.19465504672763081, 1
CON ruelle Cep,0.19465504672763081, 1
CON western_rey Cep,0.19465504672763081, 1
CON arabic_al-sufi Cep,0.19465504672763081, 1
CON western_SnT Cep,0.19465504672763081, 1
CON ruelle CarPupVel,0.19470733419432892, 1
CON navajo 003,0.1952280670245058, 1
CON western Ser,0.19626602124690692, 2
CON western_hlad Ser,0.19626602124690692, 1
CON romanian Sar,0.19626602124690692, 1
CON arabic_al-sufi Ser,0.19626602124690692, 1
CON western_SnT Ser,0.19626602124690692, 1
CON western Cnc,0.1968086829871365, 2
CON western_hlad Cnc,0.1968086829871365, 1
CON romanian Rac,0.1968086829871365, 2
CON chinese 128,0.1969228478822143, 1
CON arabic_ancient 5099,0.19739634909406736, 1
CON western_hlad Hya,0.19739634909406736, 1
CON ruelle Hya,0.19739634909406736, 1
CON western_rey Hya,0.19739634909406736, 1
CON arabic_al-sufi Hya,0.19739634909406736, 1
CON chinese 162,0.19739634909406736, 1
CON western_SnT Hya,0.19739634909406736, 1
CON arabic_ancient 2099,0.19756613306035065, 1
CON korean 051,0.19836766781080334, 1
CON ruelle Tau,0.19854941192576644, 1
CON chinese 189,0.19867380856197, 1
CON arabic_al-sufi Tau,0.1990409521628246, 1
CON ruelle Ind,0.1999404410042533, 1
CON korean 071,0.20089093738056, 3
CON korean 167,0.20117339292899025, 1
CON chinese 032,0.20154383047031965, 1
CON western Aqr,0.20176214096137343, 2
CON western Cet,0.2020790690529993, 2
CON arabic_al-sufi Sgr,0.2030337267774418, 1
CON western_rey Cen,0.2034075629482324, 1
CON bugis 006,0.2036754745129116, 1
CON korean 022,0.20484596723648243, 1
CON boorong Mar,0.2048893392010056, 1
CON western_rey Eri,0.2052437650428017, 1
CON maori 006,0.20593183190241363, 1
CON western_rey Leo,0.20630502610226165, 1
CON arabic_ancient 2008,0.206640437338489, 1
CON arabic_ancient 1501,0.20764887730088294, 1
CON western_rey Aqr,0.208405136699139, 1
CON western_hlad Sex,0.20969326778689198, 1
CON western Cap,0.2098747579331942, 3
CON navajo 001,0.21057173920884378, 1
CON western_hlad Aql,0.21127825356875554, 1
CON western_SnT Aqr,0.21226059595352764, 1
CON korean 112,0.21286341754175306, 1
CON chinese 210,0.21286341754175306, 1
CON chinese 183,0.213301065283093, 1
CON korean 263,0.21456410306817336, 1
CON western Hyi,0.2153963523067881, 2
CON western_rey Hyi,0.2153963523067881, 1
CON western_SnT Hyi,0.2153963523067881, 1
CON western And,0.21747912672492062, 3
CON western_SnT And,0.21747912672492062, 1
CON western Mon,0.21935681793724832, 2
CON western Her,0.22203061675173838, 1
CON western_hlad Her,0.22203061675173838, 1
CON western_SnT Oph,0.22314138641966197, 1
CON mandar 004,0.22360479643161804, 1
CON indian N25,0.22478306200706163, 6
CON korean 086,0.22478306200706163, 1
CON anutan 006,0.22478306200706163, 1
CON navajo 002,0.22517380510403892, 1
CON korean 166,0.22533599803126814, 1
CON ruelle Psc,0.2260741358227571, 1
CON western_rey Tau,0.2261828357395677, 1
CON western_hlad Ant,0.22696473036533757, 2
CON ruelle Cen,0.22783142476477655, 1
CON western_rey Ser,0.23136501534968884, 1
CON western_rey SerCd,0.23136501534968884, 1
CON western Oct,0.23182833643547993, 4
CON western_hlad Oct,0.23182833643547993, 1
CON western_hlad Lib,0.2330021788634481, 1
CON chinese 266,0.23344072184527667, 1
CON western_hlad Boo,0.23345398443007315, 1
CON arabic_al-sufi Boo,0.23345398443007315, 1
CON boorong Ktc,0.2338313532085305, 1
CON blackfoot 003,0.23532747760665929, 1
CON ruelle Her,0.23532747760665929, 1
CON northern_andes 003,0.23628098102408193, 1
CON western_hlad Vir,0.23758836959274818, 1
CON arabic_arabian_peninsula 2804,0.24307327920242552, 3
CON arabic_arabian_peninsula 2504,0.24351095869151265, 6
CON western Peg,0.24351095869151265, 2
CON arabic_ancient 2599,0.24351095869151265, 1
CON western_hlad Peg,0.24351095869151265, 1
CON ruelle Peg,0.24351095869151265, 1
CON western_rey GSq,0.24351095869151265, 2
CON romanian Jgb,0.24351095869151265, 1
CON arabic_al-sufi Peg,0.24351095869151265, 1
CON western_SnT Peg,0.24351095869151265, 1
CON western_hlad Car,0.2436473259323064, 1
CON korean 091,0.24474357835241156, 1
CON arabic_ancient 5499,0.24783672482866206, 1
CON navajo 004,0.24799280044827282, 1
CON korean 214,0.24846199185117895, 1
CON western_hlad Lyn,0.2499321645155925, 1
CON indian N26,0.25471822689940504, 1
CON egyptian 005,0.25701008737346087, 1
CON ruelle Oph,0.2628053978155123, 1
CON western_rey UMap2,0.2638513578955143, 1
CON western_SnT Scl,0.26718841257857756, 1
CON western Tau,0.2672667309915758, 2
CON ruelle Ari,0.2693305720115135, 1
CON ruelle Eri,0.2721345793691716, 1
CON western_hlad Hyi,0.2786184554009653, 2
CON western_hlad Tau,0.28245067495973925, 1
CON western_SnT Tau,0.28245067495973925, 1
CON macedonian 018,0.2834192894260412, 3
CON western_hlad Cyg,0.2834192894260412, 1
CON ruelle Cyg,0.2834192894260412, 1
CON western_SnT Cyg,0.2834192894260412, 1
CON western_rey Peg,0.2882620472570535, 1
CON egyptian 016,0.2912354355774794, 1
CON japanese_moon_stations 08,0.29222773902168014, 1
CON western_hlad Eri,0.29880848264174975, 1
CON sami 001,0.30531887617723974, 1
CON chinese 290,0.3079648281372996, 1
CON western_SnT Hor,0.3102029665930739, 1
CON arabic_ancient 2506,0.3147049873792027, 1
CON ruelle Mon,0.31575102522319226, 1
CON western_rey Cet,0.3186262381930652, 1
CON romanian Csa,0.3248798172726289, 1
CON arabic_arabian_peninsula 2999,0.3273094705692767, 3
CON ruelle And,0.3287091353530078, 1
CON western_hlad Hor,0.33420126423300933, 1
CON western Hor,0.3419119399850842, 2
CON western Scl,0.3434210038188705, 2
CON western_hlad Scl,0.3434210038188705, 1
CON western Car,0.3443963499972733, 2
CON egyptian 012,0.3729990318384438, 1
CON bugis 011,0.4297980355597364, 1
CON western_rey Car,0.4476625462453101, 1
CON western_SnT Car,0.4476625462453101, 1
CON macedonian 007,0.44857051192643144, 1
CON anutan 003,0.44857051192643144, 1
CON egyptian 002,0.45206041306348915, 1
CON arabic_ancient 5799,0.467544660499504, 2
CON ruelle Lyn,0.5272167738685515, 1
CON arabic_ancient 2899,0.5330096084882833, 1
CON egyptian 023,0.5349553258749854, 1
CON hawaiian_starlines NAV,0.5968179035355823, 1
CON mongolian 004,0.5968179035355823, 1
CON hawaiian_starlines KOM,0.606339005578875, 1
CON bugis 010,0.6322269445132074, 1
CON hawaiian_starlines IWI,0.7607992482243029, 1
CON hawaiian_starlines LUP,0.7829552456905177, 1
CON tongan 008,1.239270185417746, 1
CON navajo 006,2.0307667393342177, 1
CON korean 031,2.034210364002906, 1
CON chinese 271,2.084225200258236, 1
CON western_rey Uma,2.3212535646164025, 1
CON korean 197,2.53934160192184, 2
CON arabic_ancient 0410,2.53934160192184, 2
CON arabic_al-sufi UMa,2.53934160192184, 1
CON western_SnT UMa,2.53934160192184, 1
